uid_t,god_name
V003-1,Sima shengwang
V003-1,Taiyi xiangu
V003-2,Zhanggong shengjun
V003-2,Zhong Kui
V003-3,Guansheng dijun
V003-3,Guanyin
V003-3,Guanyin dashi
V003-3,Xuantian shangdi
V003-3,Yushu dadi
V003-3,Zhang Sanfeng
V003-3,Zhuo Wanchun
V004-1,Dutian yuanshuai
V004-1,Jixiang dajiang
V004-1,Liugong yuanshuai
V004-1,Sima shengwang
V004-1,Taiyi xiangu
V004-1,Zhanggong shengjun
V004-1,Zhong Kui
V004-2,Fazhu xianfei
V004-2,Hufa longtian
V004-2,Tiangong
V004-2,Tiangong yuanshuai
V004-2,Xuantian shangdi
V004-3,Dianmu
V004-3,Fengbo
V004-3,Kanggong yuanshuai
V004-3,Leigong
V004-3,Liugong yuanshuai
V004-3,Ma yuanshuai
V004-3,"Wen, Kang, Ma, Zhao yuanshuai"
V004-3,Xuantian shangdi
V004-3,Yushi
V004-3,Zhaogong yuanshuai
V005-1,Tiangong
V005-1,Tiangong yuanshuai
V005-2,Sima shengwang
V005-2,Tianshang shengmu
V005-5,Xuantan yuanshuai
V006-1,Daxiong
V006-1,Fude zhengshen
V006-1,Sima shengwang
V006-1,Xuantian shangdi
V007-1,Chenshi zhenren
V007-1,Ciji zhenjun
V007-1,Dutian yuanshuai
V007-1,Guanyin
V007-1,Guanyin dashi
V007-1,Kanggong yuanshuai
V007-1,Sanyi jiaozhu
V007-1,Sima shengwang
V007-1,Tiangong
V007-1,Tiangong yuanshuai
V007-1,Tianshang shengmu
V007-1,Xuantan yuanshuai
V007-1,Zhanggong shengjun
V007-1,Zhong Kui
V007-3,Guanyin
V007-3,Guanyin dashi
V007-3,Lufu furen
V008-1,Fude zhengshen
V008-1,Sima shengwang
V008-2,Dutian yuanshuai
V008-2,Kongfu daren
V008-4,Daxiong
V008-4,Erxiong
V008-4,Wang daren
V008-4,Wenwu liesheng
V008-5,Ciji zhenjun
V008-5,Liugong yuanshuai
V008-5,Taiyi xiangu
V008-5,Zhanggong shengjun
V008-5,Zhong Kui
V008-6,Jialan
V008-6,Sanyi jiaozhu
V008-6,Weituo
V009-5,Dutong
V009-5,Dutong shenghou
V009-5,Wutan liesheng
V010-1,Lufu furen
V010-2,Baban
V010-2,Qitian dasheng
V010-2,Wutan liesheng
V010-3,Weituo
V010-3,Weituo zuntian
V010-3,"Wen, Kang, Ma, Zhao yuanshuai"
V011-1,Dutong
V011-1,Dutong shenghou
V011-1,Ershi
V011-1,Liugong yuanshuai
V011-1,Tiangong
V011-1,Tiangong yuanshuai
V011-1,Zhanggong shengjun
V011-1,Zhong Kui
V012-1,Fazhu xianfei
V012-1,Huanggong
V012-1,Huanggong shenghou
V012-1,Qianshi shengfei
V012-1,Tiangong
V012-1,Tiangong yuanshuai
V013-1,Tiangong
V013-1,Tiangong yuanshuai
V014-1,Fazhu xianfei
V014-1,Guangze zunwang
V014-1,Qianshi shengfei
V014-1,Sima shengwang
V014-1,Xu daren
V014-1,Xuantian shangdi
V015-1,Fude zhengshen
V015-2,Fazhu xianfei
V015-2,Qianshi shengfei
V015-2,Tiangong
V015-2,Tiangong yuanshuai
V016-1,Qianshi shengfei
V018-1,Lufu furen
V018-1,Lufu yima
V019-1,Dongyue zhusheng shangdi
V019-1,Qianshi shengfei
V020-1,Xue daren
V020-1,Zhanggong shengjun
V020-1,Zhong Kui
V023-1,Ciji zhenjun
V023-1,Dutian yuanshuai
V023-1,Jixiang dajiang
V023-1,Qianshi shengfei
V023-1,Sima shengwang
V023-1,Taiyi xiangu
V023-1,Tiangong
V023-1,Tiangong yuanshuai
V023-1,Wuhu jialuo
V023-1,Wushi shengfei
V023-1,Yanggong taishi
V023-1,Zhanggong shengjun
V023-1,Zhong Kui
V025-1,Ciji zhenjun
V025-1,"Wen, Kang, Ma, Zhao yuanshuai"
V025-1,Zhanggong shengjun
V025-1,Zhong Kui
V026-1,Huanggong
V026-1,Huanggong ershi
V026-1,Kongfu daren
V026-1,Tiangong
V026-1,Tiangong yuanshuai
V027-1,Guanyin
V027-1,Guanyin dashi
V027-1,Kongfu daren
V027-1,Lingguan dadi
V027-2,Jialuo dasheng
V027-2,Lufu furen
V027-2,Lufu yima
V027-2,Sima shengwang
V027-2,Zhanggong shengjun
V027-2,Zhong Kui
V028-1,Baiya jiangjun
V028-1,Kongfu daren
V028-1,Qitian dasheng
V028-1,Sima shengwang
V028-1,Tiangong
V028-1,Tiangong yuanshuai
V028-3,Cigan xianfei
V028-3,Houtu furen
V028-3,Jialuo dasheng
V028-3,Qitian dasheng
V028-3,Sima shengwang
V028-3,Zhanggong shengjun
V028-3,Zhong Kui
V028-3,Zunzhu mingwang
V029-3,Fuyi xiansheng
V033-1,Taiyi xiangu
V033-1,Yang jiuniang
V033-1,Zhanggong shengjun
V033-1,Zhong Kui
V034-1,Baiya jiangjun
V034-1,Cao jiangjun
V034-1,Dutian yuanshuai
V034-1,Fenghuo ertong
V034-1,Huangfu daren
V034-1,Jixiang dajiang
V034-1,Tiangong
V034-1,Tiangong yuanshuai
V034-1,Tianshang shengmu
V034-1,Wuhu jialuo
V034-1,Wuhuang dadi
V034-1,Zhanggong shengjun
V034-1,Zhong Kui
V035-1,Baiya jiangjun
V035-1,Cigan xianfei
V035-1,Dage
V035-1,Sima shengwang
V035-1,Tiangong
V035-1,Tiangong yuanshuai
V035-1,Xinghua chenghuang
V035-1,Xu daren
V035-2,"Wen, Kang, Ma, Zhao yuanshuai"
V036-2,Guanyin
V036-2,Guanyin dashi
V036-2,Xuantan yuanshuai
V036-2,Zhang Sanfeng
V037-1,Fude zhengshen
V037-1,Sima shengwang
V037-1,Taiyi xiangu
V037-1,Tiangong
V037-1,Tiangong yuanshuai
V037-1,Yanggong taishi
V037-3,Baiya jiangjun
V037-3,Jinfu daren
V037-3,Tiangong
V037-3,Tiangong yuanshuai
V037-3,Tianshang shengmu
V037-3,Zhang Sanfeng
V037-4,Guanyin
V037-4,Guanyin dashi
V037-4,Zhang Sanfeng
V038-1,Guanyin
V038-1,Guanyin dashi
V038-1,Tianshang shengmu
V038-1,Yuantian shangdi
V038-2,Cigan xianfei
V038-2,Ciji zhenjun
V038-2,Guanyin
V038-2,Guanyin dashi
V038-2,Liugong yuanshuai
V038-2,Lufu furen
V038-2,Lufu yima
V038-2,Qianshi shengfei
V038-2,Zhanggong yuanshuai
V039-1,Dutian yuanshuai
V039-1,Jixiang dajiang
V039-1,Liugong yuanshuai
V039-1,Qianshi shengfei
V039-1,Taiyi xiangu
V039-1,Wuhu jialuo
V039-1,Zhanggong shengjun
V039-1,Zhong Kui
V039-2,Sanfeng zhenren
V039-2,Zhuozu zhenren
V040-2,Baiya jiangjun
V040-2,Chenshi zhenren
V040-2,Kongfu daren
V040-2,Tiangong
V040-2,Tiangong yuanshuai
V040-2,Wuhuang dadi
V040-2,Xuantian shangdi
V041-1,Taiyi xiangu
V041-1,Zhanggong shengjun
V041-1,Zhong Kui
V041-2,Lufu dama
V042-1,Bai daren
V042-1,Huang daren
V042-1,Huang duyuanshuai
V042-1,Lin daren
V042-1,Tiangong
V042-1,Tiangong yuanshuai
V042-1,Wanggong daren
V042-1,Wenwu liesheng
V042-1,Xuantian shangdi
V042-2,Baifu daren
V042-2,Huangfu daren
V042-4,Chensheng hufa
V042-4,Guansheng dijun
V042-4,Lin Zhenming
V042-4,Sanguan dadi
V042-4,Tiangong
V042-4,Tiangong yuanshuai
V042-4,Wuxian dadi
V042-4,Zhuo Wanchun
V043-1,Ciji zhenjun
V043-1,Daye
V043-1,Erye
V043-1,Taiyi xiangu
V043-1,Tiangong
V043-1,Tiangong yuanshuai
V043-1,Zhanggong shengjun
V043-1,Zhong Kui
V043-2,Daxiong
V043-2,Sima shengwang
V043-2,Tianshang shengmu
V043-3,Chensheng faye
V043-3,Guanyin
V043-3,Guanyin dashi
V043-3,Puhua tianzun
V043-3,Tiangong
V043-3,Tiangong yuanshuai
V043-3,Xuantan yuanshuai
V043-3,Xuantian shangdi
V044-1,Jixiang dajiang
V044-1,Taiyi xiangu
V044-2,Lufu furen
V044-2,Lufu yima
V044-2,Yanggong taishi
V045-1,Dutian yuanshuai
V045-1,Fazhu xianfei
V045-1,Huanggong
V045-1,Huanggong shenghou
V045-1,Qianshi shengfei
V045-1,Sima shengwang
V045-1,Taiyi xiangu
V045-1,Tiangong
V045-1,Tiangong yuanshuai
V045-1,Tianshang shengmu
V045-1,Zhanggong shengjun
V045-1,Zhong Kui
V046-1,Dutian yuanshuai
V046-1,Liugong yuanshuai
V046-1,Taiyi xiangu
V046-1,Tiangong
V046-1,Tiangong yuanshuai
V046-1,Zhanggong shengjun
V046-1,Zhong Kui
V046-2,Chenshi zhenren
V046-2,Lufu yima
V046-2,Puhua tianzun
V046-2,Tiangong
V046-2,Tiangong yuanshuai
V047-2,Daxiong
V047-2,Guanyin
V047-2,Guanyin dashi
V047-2,Wenchang dijun
V048-1,Xietian dadi
V048-1,Zhanggong shengjun
V048-1,Zhong Kui
V048-2,Daxiong
V048-2,Sanguan dadi
V048-2,Xietian dadi
V049-1,Sima shengwang
V049-3,Li daren
V049-3,Wang daren
V051-1,Rulai fozu
V051-1,Sanyi jiaozhu
V051-1,Weituo
V052-1,Puhua tianzun
V052-1,Sanyi jiaozhu
V052-1,Xuantian shangdi
V054-1,Kuidou xingjun
V054-1,Tiangong
V054-1,Tiangong yuanshuai
V054-1,Tianshang shengmu
V054-1,Wenchang dijun
V056-1,Baiya jiangjun
V056-1,Huban dashen
V056-1,Kanggong yuanshuai
V056-1,Lingguan dadi
V056-1,Lufu furen
V056-1,Lufu yima
V056-1,Ma yuanshuai
V056-1,Puhua tianzun
V056-1,Taiyi tianzun
V056-1,Tiangong
V056-1,Tiangong yuanshuai
V056-1,Wenchang dijun
V056-1,"Wen, Kang, Ma, Zhao yuanshuai"
V056-1,Zhaogong yuanshuai
V056-2,Dizang pusa
V056-2,Yanggong taishi
V056-4,Guanyin
V056-4,Guanyin dashi
V056-4,Jialan
V056-4,Weituo
V059-2,Yangfu bajiang
V059-2,Yangjia bajiang
V059-4,Jialan
V059-4,Weituo
V059-5,Lufu furen
V059-5,Lufu yima
V059-5,Xuantan yuanshuai
V059-5,Zhang Sanfeng
V060-2,Sima shengwang
V060-2,Tiangong
V060-2,Tiangong yuanshuai
V060-2,Zhanggong shengjun
V060-2,Zhong Kui
V060-4,Qitian dasheng
V060-4,Wenwu liesheng
V060-5,Hufa longtian
V061-1,Sima shengwang
V061-1,Tiangong
V061-1,Tiangong yuanshuai
V061-1,Tianshang shengmu
V061-1,Yanggong taishi
V061-1,Zhanggong shengjun
V061-1,Zhong Kui
V061-2,Shen daifu
V061-2,Zheng daifu
V061-2,Zhou daifu
V061-2,Zhu daifu
V061-3,Baifu daren
V061-3,Chenshi zhenren
V061-3,Sanguan dadi
V061-3,Wenchang dijun
V062-1,Sima shengwang
V062-1,Tiangong
V062-1,Tiangong yuanshuai
V062-1,Zhanggong shengjun
V062-1,Zhong Kui
V062-2,Dutian yuanshuai
V062-2,Kanggong yuanshuai
V062-2,Puhua tianzun
V062-2,Sima shengwang
V062-2,Tiangong
V062-2,Tiangong yuanshuai
V062-2,Tianshang shengmu
V062-2,Zhanggong shengjun
V062-2,Zhong Kui
V062-5,Guanyin
V062-5,Guanyin dashi
V062-5,Tiangong
V062-5,Tiangong yuanshuai
V063-1,Wenchang dijun
V063-1,Yangfu dama
V063-2,Dutian yuanshuai
V063-2,Qitian dasheng
V063-2,Tiangong
V063-2,Tiangong yuanshuai
V063-2,Tianshang shengmu
V063-2,Wuhuang dadi
V063-2,Xigong
V063-2,Zhanggong shengjun
V063-2,Zhong Kui
V063-3,Cigan xianfei
V063-3,Dutian yuanshuai
V063-3,Lufu furen
V063-3,Taiyi xiangu
V063-3,Tianshang shengmu
V063-3,Zhanggong shengjun
V063-3,Zhong Kui
V063-6,Zhanggong shengjun
V063-6,Zhong Kui
V064-1,Dafa tianshi
V064-1,Guanyin
V064-1,Guanyin dashi
V064-1,Heihu jiangjun
V064-1,Kongfu daren
V064-1,Ma yuanshuai
V064-1,"Wen, Kang, Ma, Zhao yuanshuai"
V064-1,Xuantian shangdi
V064-1,Zhaogong yuanshuai
V064-2,Baiya jiangjun
V064-2,Fude zhengshen
V064-2,Guanyin
V064-2,Guanyin dashi
V064-2,Tiangong
V064-2,Tiangong yuanshuai
V064-2,Wenchang dijun
V064-2,Zhusheng dadi
V064-3,Guansheng dijun
V064-3,Guanyin
V064-3,Guanyin dashi
V064-3,Huanggong
V064-3,Huanggong yuanshuai
V065-1,Jingbian dutong
V065-1,Wenchang dijun
V065-1,"Wen, Kang, Ma, Zhao yuanshuai"
V065-1,Wutan liesheng
V065-1,Xuantan yuanshuai
V065-1,Zhanggong shengjun
V065-1,Zhong Kui
V065-1,Ziwei xingjun
V065-2,Bajiang
V065-2,Dongyue dadi
V065-2,Huangheng dadi
V065-2,Wuxian dadi
V065-3,Mao
V066-1,Wenwu liesheng
V066-3,Congzi
V066-3,Guniang
V066-3,Touling
V066-4,Guanyin
V066-4,Guanyin dashi
V066-4,Puhua tianzun
V066-4,Zhong Kui
V066-5,Chensheng hufa
V066-5,Guansheng dijun
V066-5,Tiangong
V066-5,Tiangong yuanshuai
V066-5,Xuantan yuanshuai
V066-5,Zhang Sanfeng
V066-6,Baiya jiangjun
V066-6,Fenghuo ertong
V066-6,Qitian dasheng
V067-2,Mao
V067-3,Guansheng dijun
V067-3,Kuidou xingjun
V068-3,Baiya jiangjun
V068-3,Daxiong
V068-3,Dutian yuanshuai
V068-3,Jialuo dasheng
V068-3,Tiangong
V068-3,Tiangong yuanshuai
V068-6,Sanguan dadi
V069-3,Chensheng hufa
V069-3,Guansheng dijun
V069-3,Wuhuang dadi
V069-3,Zhang Sanfeng
V070-2,Bajiang
V070-2,Dongyue dadi
V070-2,Huangheng dadi
V070-2,Wuxian dadi
V071-2,Huanggong
V071-2,Huanggong yuanshuai
V071-2,Sanyi jiaozhu
V072-2,Tianshang shengmu
V072-3,Fude zhengshen
V072-3,Yanggong taishi
V073-1,Fude zhengshen
V073-1,Xuantian shangdi
V074-1,Cuifu dama
V074-1,Qitian dasheng
V074-1,Wang daren
V074-1,Wang tianguan
V074-3,Jialan
V075-1,Chenshi zhenren
V075-1,Lufu daren
V075-1,Lufu furen
V075-1,Lufu yima
V075-1,Taiyi xiangu
V075-2,Fude zhengshen
V075-3,Puhua tianzun
V075-3,Taiyi xiangu
V075-3,Xuantian shangdi
V077-2,Liugong yuanshuai
V077-2,Tiangong
V077-2,Tiangong yuanshuai
V077-2,Zhong Kui
V077-4,Guanyin
V077-4,Guanyin dashi
V077-4,Lufu furen
V077-4,Lufu yima
V077-5,Qianliyan
V077-5,Wanlier
V078-1,Lingguan dadi
V079-2,Lubu xianggong
V079-2,Lufu furen
V079-2,Lufu yima
V079-2,Zhanggong shengjun
V079-2,Zhong Kui
V079-4,Jialan
V079-4,Weituo
V079-5,Huanggong
V079-5,Huanggong yuanshuai
V079-5,Li xianshi
V080-2,Beidou xingjun
V080-2,Chensheng hufa
V080-2,Guansheng dijun
V080-2,Guanyin
V080-2,Lingguan dadi
V080-2,Puhua tianzun
V080-2,Qitian dasheng
V080-2,Sanfeng zhenren
V080-2,Tiangong
V080-2,Tiangong yuanshuai
V080-2,Tianmin zongshi
V080-2,Wuxian dadi
V080-2,Xuantian shangdi
V080-2,Zhuozu zhenren
V081-1,Sima shengwang
V081-1,Tianshang shengmu
V081-3,Yutong jiangjun
V081-3,Yuzhao xianshi
V082-1,Sima shengwang
V082-1,Tiangong
V082-1,Tiangong yuanshuai
V082-1,Tianshang shengmu
V082-6,Guanyin
V082-6,Guanyin dashi
V082-6,Puhua tianzun
V082-6,Wuhuang dadi
V082-6,Wuxian dadi
V082-6,Zhang Sanfeng
V083-1,Liugong yuanshuai
V083-1,Sima shengwang
V083-2,Lufu furen
V083-2,"Wen, Kang, Ma, Zhao yuanshuai"
V083-2,Zhaogong yuanshuai
V084-1,Sima shengwang
V084-1,Tianshang shengmu
V084-2,Jialan
V084-2,Weituo
V085-2,Guansheng dijun
V085-2,Tiangong
V085-2,Tiangong yuanshuai
V085-2,Wuxian dadi
V085-3,Jialan
V085-3,Weituo
V086-1,Baban
V086-1,Dongyue dadi
V086-1,Gaogong
V086-1,Kanggong yuanshuai
V086-1,Ma yuanshuai
V086-1,Tianshang shengmu
V086-1,"Wen, Kang, Ma, Zhao yuanshuai"
V086-1,Zhaogong yuanshuai
V086-2,Baima shenghou
V086-2,Taohua shengmu
V086-3,Tiangong
V086-3,Tiangong yuanshuai
V086-3,Zhanggong shengjun
V086-3,Zhong Kui
V087-1,Fazhu xianfei
V087-1,Yuhuang dadi
V087-1,Zhanggong shengjun
V087-1,Zhong Kui
V087-7,Yufu zhongjun
V087-9,Taiyi xiangu
V087-9,Tiangong
V087-9,Tiangong yuanshuai
V087-9,Tianshang shengmu
V087-9,Zhanggong shengjun
V087-9,Zhong Kui
V087-12,Cuifu dama
V087-12,Tianshang shengmu
V087-14,Baiya jiangjun
V087-14,Fenghuo ertong
V087-14,Fude zhengshen
V087-14,Lufu furen
V087-14,Taiyi xiangu
V087-14,Tiangong
V087-14,Tiangong yuanshuai
V087-15,Guanyin
V087-15,Guanyin dashi
V087-15,Jialuo dasheng
V087-15,Taiyi xiangu
V087-15,Xuantian shangdi
V087-16,Puhua tianzun
V087-16,Qianshi shengfei
V087-16,Xietian dadi
V087-16,Xuantan yuanshuai
V087-16,Xuantian shangdi
V087-16,Zhanggong shengjun
V087-16,Zhong Kui
V088-1,Qitian dasheng
V088-1,Sima shengwang
V088-1,Wencao
V088-2,Ciji zhenjun
V088-2,Lufu furen
V088-2,Lufu yima
V088-2,Xuantian shangdi
V089-1,Liugong yuanshuai
V089-1,Tiangong
V089-1,Tiangong yuanshuai
V089-1,Xieshun shenghou
V089-1,Zhanggong shengjun
V089-1,Zhong Kui
V090-1,Dutian yuanshuai
V090-1,Jixiang dajiang
V090-1,Sima shenghou
V090-1,Taiyi xiangu
V090-2,Sanfeng zhenren
V090-2,Zhuoshi zhenren
V091-1,Guanyin
V091-1,Guanyin dashi
V091-1,Sanye
V091-1,Siye
V091-3,Dutian yuanshuai
V091-3,Sanguan dadi
V092-1,Sima shengwang
V092-1,Xuantian shangdi
V092-1,Yanggong taishi
V092-1,Zhanggong shengjun
V092-1,Zhong Kui
V093-1,Huanggong
V093-1,Huanggong dashi
V093-1,Sima shengwang
V093-1,Taiyi xiangu
V093-1,Tianshang shengmu
V093-1,Zhanggong shengjun
V093-1,Zhong Kui
V093-2,Fenghuo ertong
V093-2,Lingya jiangjun
V093-4,Lufu furen
V093-4,Lufu yima
V093-4,Qitian dasheng
V094-1,Kuidou xingjun
V094-1,Lufu furen
V094-1,Lufu yima
V094-1,Sima shengwang
V094-1,Wenchang dijun
V094-1,Zhanggong shengjun
V094-1,Zhong Kui
V094-2,Kuidou xingjun
V094-3,Lufu furen
V094-3,Lufu yima
V094-3,Siye
V094-4,Zhang Sanfeng
V094-5,Guansheng dijun
V094-5,Weituo
V094-5,Weituo zunzhe
V099-4,Guanyin
V099-4,Guanyin dashi
V099-4,Lin Zhenming
V100-1,Tiangong
V100-1,Tiangong yuanshuai
V100-1,Yanggong taishi
V100-1,Yang Jiye
V101-1,Sima shengwang
V101-1,Tianshang shengmu
V101-1,Zhanggong shengjun
V101-1,Zhong Kui
V101-3,Lufu furen
V101-3,Lufu yima
V101-3,Tianshang shengmu
V117-1,Sima shengwang
V117-1,Wanggong shenghou
V130-1,Guanyin
V130-1,Guanyin dashi
V130-1,Huiqing xianshi
V130-1,Lu Wenhui
V130-1,Sanguan dadi
V130-1,Shijiamouni
V130-1,Weituo
V130-1,Wenchang dijun
V130-1,Xuantian shangdi
V130-1,Yanggong taishi
V130-1,Zhang Hongdu
V132-1,Ligong yuanshuai
V132-1,Liugong yuanshuai
V132-1,Nezha taizi
V132-1,Taiyi xiangu
V132-1,Wuhu jialuo
V132-1,Zhanggong shengjun
V132-1,Zhong Kui
V136-2,Tiangong
V136-2,Tiangong yuanshuai
V136-2,Tianshang shengmu
V136-5,Zhang Sanfeng
V139-12,Lufu furen
V139-12,Lufu yima
V139-12,Tianshang shengmu
V140-1,Banshan daxian
V140-1,Houtu furen
V140-1,Ligong zhangzhe
V140-1,Miaoying zushi
V140-1,Tianshang shengmu
V140-1,Yanggong taishi
V140-1,Zhanggong shengjun
V140-1,Zhong Kui
V140-1,Zunzhu mingwang
V140-2,Baban
V140-3,Jialan
V140-3,Lufu furen
V140-3,Lufu xianggong
V140-3,Weituo
V140-4,Bai daren
V140-4,Jiang daren
V140-7,Lufu yima
V141-1,Chenshi zhenren
V141-1,Guansheng dijun
V141-1,Guanyin
V141-1,Guanyin dashi
V141-1,Ligong zhangzhe
V141-1,Qitian dasheng
V141-1,Sugong ershi
V141-1,Tianshang shengmu
V141-1,Weituo
V141-1,Weituo zuntian
V141-1,Wenwu liesheng
V141-1,Yuantian shangdi
V141-2,Guanyin
V141-2,Guanyin dashi
V141-2,Jialan
V141-2,Jialan pusa
V141-2,Weituo
V141-2,Weituo zunzhe
V141-2,Xietian dadi
V141-2,Yanggong taishi
V141-2,Zhanggong shengjun
V141-2,Zhong Kui
V141-4,Guansheng dijun
V141-4,Guanyin
V141-4,Guanyin dashi
V141-4,Lingguan dadi
V141-4,Lufu furen
V141-4,Lufu xianggong
V141-4,Sanfeng zhenren
V141-4,Tiangong
V141-4,Tiangong yuanshuai
V141-4,Weituo
V141-4,Weituo zuntian
V141-4,Xuantan yuanshuai
V141-4,Xuantian shangdi
V141-4,Zhuozu zhenren
V141-8,Jialan
V141-8,Weituo
V141-10,Guanyin
V141-10,Guanyin dashi
V141-10,Sanguan dadi
V141-10,Tiangong
V141-10,Tiangong yuanshuai
V141-10,Xuantan yuanshuai
V141-10,Xuantian shangdi
V141-11,Hufa longtian
V143-8,Jialan
V143-8,Jialan pusa
V143-8,Xietian dadi
V143-9,Chensheng hufa
V143-9,Guansheng dijun
V143-9,Guanyin
V143-9,Guanyin dashi
V143-9,Tiangong
V143-9,Tiangong yuanshuai
V143-9,Wenchang dijun
V143-9,Wuxian dadi
V143-9,Xietian dadi
V143-9,Xuantian shangdi
V143-9,Yushu dadi
V143-9,Zhang Sanfeng
V152-2,Wulu jiangjun
V152-3,Jialan
V152-3,Weituo
V153-1,Ligong zhangzhe
V153-1,Qianshi shengfei
V153-2,Tiangong
V153-2,Tiangong yuanshuai
V153-2,Weituo
V153-2,Weituo zunzhe
V154-1,Qianshi shengfei
V154-1,Zhanggong shengjun
V154-1,Zhong Kui
V155-1,Bajiang
V155-2,Fude zhengshen
V155-3,Jialan
V155-3,Weituo
V156-2,Ligong zhangzhe
V156-2,Qianshi shengfei
V157-1,Wulu jiangjun
V157-1,Yanggong taishi
V157-2,Xuantian shangdi
V158-1,Fude zhengshen
V158-1,Qitian dasheng
V158-1,Sima shengwang
V158-1,Zhanggong shengjun
V158-1,Zhong Kui
V158-1,Zhongtian dasheng
V158-2,Daye
V158-2,Tiangong
V158-2,Tiangong yuanshuai
V158-2,Xuantan yuanshuai
V159-1,Fude zhengshen
V159-1,Taiyi xiangu
V161-1,Chenshi zhenren
V161-1,Tiangong
V161-1,Tiangong yuanshuai
V161-2,Guanyin
V161-2,Guanyin dashi
V161-2,Sanyi jiaozhu
V161-3,Baima jiangjun
V161-3,Chima jiangjun
V161-3,Lingya jiangjun
V161-3,Magong taishi
V161-3,Tiangong
V161-3,Tiangong yuanshuai
V161-3,Tiegong yuanshuai
V161-4,Lufu furen
V161-4,Lufu xianggong
V161-4,Lufu yima
V161-4,Wubu yuanshuai
V161-5,Ciji zhenjun
V161-5,Qianshi shengfei
V161-5,Tianshang shengmu
V161-6,Jialan
V161-6,Weituo
V161-8,Jialan
V161-8,Weituo
V161-9,Sanguan dadi
V161-9,Wenwu liesheng
V163-1,Bajiang
V163-1,Guanyin
V163-1,Guanyin dashi
V163-1,Magong taishi
V163-1,Puhua tianzun
V163-1,Tiangong
V163-1,Tiangong yuanshuai
V163-1,Tiegong taishi
V163-2,Qitian dasheng
V163-2,Wulu jiangjun
V163-7,Beidou xingjun
V163-7,Nandou xingjun
V164-1,Bajiang
V164-2,Wenchang dijun
V164-3,Ciji zhenjun
V164-3,Ligong zhangzhe
V164-3,Lufu yima
V164-3,Shuntian shengmu
V164-3,Zhanggong shengjun
V164-3,Zhong Kui
V164-6,Jialan
V164-6,Weituo
V164-6,Xietian dadi
V165-1,Tianshang shengmu
V165-1,Yanggong taishi
V165-2,Qianshi shengfei
V165-3,Lufu xianggong
V165-3,Lufu yima
V166-1,Qitian dasheng
V166-1,Qianshi shengfei
V166-1,Sima shengwang
V166-1,Wulu jiangjun
V166-2,Guanyin
V166-2,Guanyin dashi
V166-2,Sanyi jiaozhu
V166-2,Tianshang shengmu
V166-2,Wang lingguan
V166-2,Yanggong taishi
V166-2,Yuhuang dadi
V167-1,Guanyin
V167-1,Guanyin dashi
V167-1,Qitian dasheng
V167-1,Tiangong
V167-1,Tiangong yuanshuai
V167-1,Tianshang shengmu
V167-1,Zhanggong shengjun
V167-1,Zhong Kui
V167-2,Jixiang dajiang
V167-2,Lufu xianggong
V167-2,Lufu yima
V167-2,Tiangong
V167-2,Tiangong yuanshuai
V167-3,Zhanggong shengjun
V167-3,Zhong Kui
V167-5,Guanyin
V167-5,Guanyin dashi
V167-5,Zhang Sanfeng
V168-1,Lufu furen
V168-1,Lufu yima
V169-1,Sima shengwang
V169-1,Tianshang shengmu
V169-2,Sima shengwang
V169-2,Taiyi xiangu
V169-4,Ciji zhenjun
V169-4,Sima shengwang
V169-4,Tianshang shengmu
V169-4,Zhanggong shengjun
V169-4,Zhong Kui
V169-6,Sima shengwang
V169-6,Tianshang shengmu
V170-1,Tianshang shengmu
V170-1,Xuantian shangdi
V170-2,Tianshang shengmu
V170-5,Erye
V170-5,Huilie shenghou
V170-5,Kanggong yuanshuai
V170-5,Sanye
V170-5,Sima shengwang
V170-5,Wulu jiangjun
V170-5,Zhanggong shengjun
V170-5,Zhong Kui
V171-1,Baima shenghou
V171-1,Siye
V171-1,Tiangong
V171-1,Tiangong yuanshuai
V171-2,Ma yuanshuai
V171-2,"Wen, Kang, Ma, Zhao yuanshuai"
V171-3,Jialan
V171-3,Weituo
V171-4,Lufu furen
V171-4,Lufu yima
V171-5,Guanyin
V171-5,Guanyin dashi
V171-5,Sima shengwang
V171-5,Taiyi xiangu
V172-1,Lufu daren
V172-1,Lufu furen
V172-1,Lufu yima
V172-1,Siye
V172-1,Tianshang shengmu
V172-2,Tiangong
V172-2,Tiangong yuanshuai
V172-2,Xietian dadi
V173-1,Lufu daren
V173-1,Lufu furen
V173-1,Tianshang shengmu
V173-1,Wenwu liesheng
V173-2,Guansheng dijun
V173-2,Ma yuanshuai
V173-2,Tiangong
V173-2,Tiangong yuanshuai
V173-2,Zhaogong yuanshuai
V175-1,Fazhu xianfei
V175-1,Jixing
V175-1,Sima shengwang
V175-1,Tianshang shengmu
V175-1,Zhanggong shengjun
V175-1,Zhaoling shengjun
V175-1,Zhong Kui
V175-2,Jixiang dajiang
V175-2,Liugong yuanshuai
V175-2,Sima shengwang
V175-2,Tianshang shengmu
V175-2,Zhanggong shengjun
V175-2,Zhong Kui
V176-2,Gao yuanshuai
V176-2,Ma yuanshuai
V176-2,Tiangong
V176-2,Tiangong yuanshuai
V176-2,"Wen, Kang, Ma, Zhao yuanshuai"
V176-2,Yanggong taishi
V177-2,Bai daren
V177-2,Hei daren
V177-2,Wenwu liesheng
V177-3,Zhanggong shengjun
V177-3,Zhong Kui
V177-4,Tianshang shengmu
V181-1,Sima shengwang
V181-1,Tianshang shengmu
V181-1,Yanggong taishi
V184-2,Jialan
V184-2,Weituo
V184-2,Weituo zuntian
V193-1,Guanyin
V193-1,Guanyin dashi
V193-1,Tianshang shengmu
V193-3,Lifu daren
V193-3,Tiangong
V193-3,Tiangong yuanshuai
V193-4,Dutian yuanshuai
V193-4,Tianshang shengmu
V193-4,Wulu jiangjun
V193-4,Yanggong taishi
V193-4,Zouma sheren
V193-6,Guanyin
V193-6,Guanyin dashi
V194-1,Xuantan yuanshuai
V194-1,Zhanggong shengjun
V194-1,Zhong Kui
V195-1,Tianshang shengmu
V195-1,Wenwu liesheng
V196-1,Sima shengwang
V196-1,Wenwu liesheng
V196-1,Wulu jiangjun
V196-1,Zhanggong shengjun
V196-1,Zhong Kui
V196-2,Sima shengwang
V196-2,Tianshang shengmu
V196-2,Wenwu liesheng
V196-2,Wulu jiangjun
V196-2,Zhanggong shengjun
V196-2,Zhong Kui
V196-3,Xuantan yuanshuai
V196-5,Huang daren
V196-5,Song daren
V196-5,Wenwu liesheng
V196-5,Wu daren
V197-1,Asan
V197-1,Bajiang
V197-1,Dikui
V197-1,Sima shengwang
V197-1,Tianshang shengmu
V197-1,Wulu jiangjun
V197-1,Xuantan yuanshuai
V197-1,Zhanggong shengjun
V197-1,Zhong Kui
V197-2,Sima shengwang
V197-2,Taiyi xiangu
V197-2,Wulu jiangjun
V197-2,Zhanggong shengjun
V197-2,Zhong Kui
V199-5,Guansheng dijun
V199-5,Tiangong
V199-5,Tiangong yuanshuai
V200-2,Magong taishi
V200-2,Tiangong
V200-2,Tiangong yuanshuai
V200-2,Tiegong taishi
V200-2,Yang jiuniang
V201-2,Zhang Sanfeng
V203-1,Taiyi xiangu
V203-1,"Wen, Kang, Ma, Zhao yuanshuai"
V203-1,Zhanggong shengjun
V203-1,Zhong Kui
V203-4,Baiya jiangjun
V203-4,Daye
V203-6,Chensheng hufa
V203-6,Xuantan yuanshuai
V204-1,Kanggong yuanshuai
V204-1,Zhanggong shengjun
V204-1,Zhong Kui
V204-2,Kanggong yuanshuai
V204-2,Xuantian shangdi
V204-3,Tiangong
V204-3,Tiangong yuanshuai
V204-3,Xuantan yuanshuai
V206-2,Kanggong yuanshuai
V206-2,Ma yuanshuai
V206-2,Zhaogong yuanshuai
V207-1,Guansheng dijun
V207-1,Sanyi jiaozhu
V207-1,Tiangong
V207-1,Tiangong yuanshuai
V207-1,Wenchang dijun
V207-1,Yanggong taishi
V208-3,Beidou xingjun
V208-3,Chensheng hufa
V208-3,Guansheng dijun
V208-3,Guanyin
V208-3,Guanyin dashi
V208-3,Hufa longtian
V208-3,Jialan
V208-3,Jialan pusa
V208-3,Sanguan dadi
V208-3,Weituo
V208-3,Weituo zuntian
V208-3,Xuantan yuanshuai
V208-3,Xuantian shangdi
V208-3,Zhuozu zhenren
V209-1,Zhu yuanshuai
V210-1,Huilie shenghou
V210-1,Sima shengwang
V210-1,Wulu jiangjun
V211-1,Huilie shenghou
V211-1,Sima shengwang
V211-1,Wulu jiangjun
V211-1,Zhanggong shengjun
V211-1,Zhong Kui
V212-1,Baiya jiangjun
V212-1,Sima shengwang
V212-1,Tianshang shengmu
V213-1,Houtu furen
V213-1,Tianshang shengmu
V213-1,Wang lingguan
V213-1,Zhanggong shengjun
V213-1,Zhong Kui
V213-1,Zunzhu mingwang
V214-1,Wuhu jialuo
V214-1,Zhanggong shengjun
V214-1,Zhong Kui
V215-4,Jialan
V215-4,Weituo
V216-1,Ciji zhenjun
V216-1,Guansheng dijun
V216-1,Liugong yuanshuai
V216-1,Tiangong
V216-1,Tiangong yuanshuai
V216-1,Yanggong taishi
V216-1,Zhanggong shengjun
V216-1,Zhaogong yuanshuai
V216-1,Zhong Kui
V216-3,Guanyin
V216-3,Guanyin dashi
V216-3,Xuantian shangdi
V217-1,Baima shenghou
V217-1,Tianshang shengmu
V217-5,Dage
V217-5,Qiye
V217-6,Guansheng dijun
V217-6,Sanguan dadi
V217-6,Wenchang dijun
V218-1,Guanyin
V218-1,Guanyin dashi
V218-1,Wenchang dijun
V220-1,Baima shenghou
V220-1,Sima shengwang
V220-1,Tianshang shengmu
V220-1,Yanggong taishi
V220-2,Sima shengwang
V220-2,Zhanggong shengjun
V220-2,Zhong Kui
V220-3,Sima shengwang
V220-3,Zhanggong shengjun
V220-3,Zhong Kui
V220-6,Fude zhengshen
V220-6,Guansheng dijun
V220-6,Jialan
V220-6,Lufu dama
V220-6,Weituo
V220-6,Wenchang dijun
V220-7,Lufu dama
V220-7,Luzu xianshi
V220-7,Tiangong
V220-7,Tiangong yuanshuai
V220-8,Chen jiangjun
V221-1,Guansheng dijun
V221-1,Guanyin
V221-1,Guanyin dashi
V221-1,Lin daren
V221-1,Tianshang shengmu
V221-2,Chensheng hufa
V221-2,Guansheng dijun
V221-2,Jialan
V221-2,Jialan pusa
V221-2,Kuidou xingjun
V221-2,Leisheng puhua tianzun
V221-2,Weituo
V221-2,Weituo zuntian
V221-2,Wenchang dijun
V221-2,Zhuozu zhenren
V221-3,Jin daren
V221-3,Ma daren
V221-3,Wang daren
V222-1,Sima shengwang
V222-1,Tianshang shengmu
V222-1,Wenwu liesheng
V222-1,Wulu jiangjun
V223-1,Dutian yuanshuai
V223-1,Sima shengwang
V223-1,Tiangong
V223-1,Tiangong yuanshuai
V223-1,Tianshang shengmu
V223-1,Wenwu liesheng
V223-1,Xieshun shenghou
V223-1,Zhanggong shengjun
V223-1,Zhong Kui
V223-3,Jialan
V223-3,Weituo
V224-1,Tiangong
V224-1,Tiangong yuanshuai
V224-1,Zhanggong shengjun
V224-1,Zhong Kui
V225-1,Guanyin
V225-1,Guanyin dashi
V225-1,Jialan
V225-1,Weituo
V225-2,Huanggong
V225-2,Huanggong yuanshuai
V225-2,Qitian dasheng
V225-2,Sima shengwang
V225-2,Tiangong
V225-2,Tiangong yuanshuai
V225-2,Tianshang shengmu
V225-2,Wulu jiangjun
V226-1,Sima shengwang
V226-1,Tiangong
V226-1,Tiangong yuanshuai
V226-1,Tianshang shengmu
V226-1,Wenwu liesheng
V226-1,Zhanggong shengjun
V226-1,Zhong Kui
V226-2,Tiangong
V226-2,Tiangong yuanshuai
V227-1,Daye
V227-1,Erye
V227-1,Guanyin
V227-1,Guanyin dashi
V227-2,Tianshang shengmu
V227-2,Wenwu liesheng
V228-1,Baiya jiangjun
V228-1,Ciji zhenjun
V228-1,Guanyin
V228-1,Guanyin dashi
V228-1,Jialuo dasheng
V228-1,Linshui furen
V228-1,Sima shengwang
V228-1,Taiyi xiangu
V228-1,Tiangong
V228-1,Tiangong yuanshuai
V228-1,Tianshang shengmu
V228-1,Wenchang dijun
V228-1,Wutan liesheng
V228-1,Zhanggong shengjun
V228-1,Zhong Kui
V229-1,Ciji zhenjun
V229-1,Jialuo dasheng
V229-1,Linshui furen
V229-1,Sima shengwang
V229-1,Taiyi xiangu
V229-1,Tianshang shengmu
V229-1,Wutan liesheng
V229-1,Zhanggong shengjun
V229-1,Zhong Kui
V231-1,Baiya jiangjun
V231-1,Ciji zhenjun
V231-1,Fenghuo ertong
V231-1,Sima shengwang
V231-1,Taiyi xiangu
V231-1,Tianshang shengmu
V231-1,Zhanggong shengjun
V231-1,Zhong Kui
V232-1,Baiya jiangjun
V232-1,Tiangong
V232-1,Tiangong yuanshuai
V232-1,Tianshang shengmu
V232-2,Wenchang dijun
V233-1,Ciji zhenjun
V233-1,Jialuo dasheng
V233-1,Linshui furen
V233-1,Taiyi xiangu
V233-1,Tiangong
V233-1,Tiangong yuanshuai
V233-1,Wutan liesheng
V233-1,Zhanggong shengjun
V233-1,Zhong Kui
V234-1,Sima shengwang
V234-1,Wulu jiangjun
V235-1,Fude zhengshen
V235-1,Sanyi jiaozhu
V235-1,Wulu jiangjun
V236-1,Fude zhengshen
V238-1,Guanyin
V238-1,Guanyin dashi
V238-1,Qitian dasheng
V238-1,Tiangong
V238-1,Tiangong yuanshuai
V238-1,Wenwu liesheng
V239-1,Taiyi xiangu
V239-1,Tianshang shengmu
V239-1,Wenchang dijun
V239-1,Wenwu liesheng
V240-1,Kongfu daren
V240-1,Tiangong
V240-1,Tiangong yuanshuai
V240-1,"Wen, Kang, Ma, Zhao yuanshuai"
V240-1,Xuantian shangdi
V241-1,Lufu furen
V241-1,Lufu xianggong
V241-1,Lufu yima
V241-1,Wenchang dijun
V241-1,Xuantian shangdi
V242-1,Taiyi xiangu
V242-1,Wenwu liesheng
V244-2,Fude zhengshen
V244-2,Sima shengwang
V244-3,Jialan
V244-3,Weituo
V245-1,Guanyin
V245-1,Guanyin dashi
V245-1,Tianshang shengmu
V246-1,Fude zhengshen
V246-2,Kuidou xingjun
V246-2,Sima shengwang
V246-2,Zhanggong shengjun
V246-2,Zhong Kui
V246-3,Fude zhengshen
V246-3,Guniang
V246-3,Shanshen
V247-1,Sima shengwang
V247-1,Tianshang shengmu
V247-2,Guanyin
V247-2,Guanyin dashi
V247-2,Huanggong
V247-2,Huanggong yuanshuai
V247-2,Xuantan yuanshuai
V247-2,Zhuozu zhenren
V249-1,Sima shengwang
V249-1,Zhanggong shengjun
V249-1,Zhong Kui
V249-3,Jialan
V249-3,Weituo
V250-1,Lufu dasheng
V250-1,Lufu furen
V250-1,Siye
V250-1,Tiangong
V250-1,Tiangong yuanshuai
V250-2,Guanyin
V250-2,Guanyin dashi
V251-1,Wenwu liesheng
V251-1,Xieshun shenghou
V251-1,Yanggong taishi
V251-1,Zhongtian dasheng
V252-1,Dutian yuanshuai
V252-1,Tiangong
V252-1,Tiangong yuanshuai
V252-1,Tianshang shengmu
V252-1,Wenwu liesheng
V252-3,"Da ye, Er ye"
V252-4,Jialan
V252-4,Weituo
V253-1,Lufu furen
V253-1,Lufu yima
V253-3,Guansheng dijun
V253-3,Kuidou xingjun
V253-3,Wenchang dijun
V255-1,Sima shengwang
V255-1,Wenwu liesheng
V256-1,Sima shengwang
V256-1,Taiyi xiangu
V256-1,Wulu jiangjun
V256-1,Xieshun shenghou
V256-2,Sanyi jiaozhu
V256-2,Siye
V256-2,"Wen, Kang, Ma, Zhao yuanshuai"
V257-1,Guanyin
V257-1,Guanyin dashi
V257-1,Sanyi jiaozhu
V257-1,"Wen, Kang, Ma, Zhao yuanshuai"
V257-1,Xieshun shenghou
V259-1,Wu jiangjun
V260-1,Ciji zhenjun
V260-1,Fude zhengshen
V260-1,Shanshen
V260-1,Sima shengwang
V260-2,Sima shengwang
V260-2,Wenwu liesheng
V261-1,Wu jiangjun
V262-1,Wu jiangjun
V263-1,Tiangong
V263-1,Tiangong yuanshuai
V263-1,Zhanggong shengjun
V263-1,Zhong Kui
V264-1,Tiangong
V264-1,Tiangong yuanshuai
V264-1,Zhanggong shengjun
V264-1,Zhong Kui
V265-1,Ershi
V265-1,Shanshen
V265-1,Sima shengwang
V265-1,Taiyi xiangu
V266-1,Ciji zhenjun
V266-1,Kanggong yuanshuai
V266-1,Sima shengwang
V266-1,Taiyi xiangu
V266-1,Wenwu liesheng
V266-1,"Wen, Kang, Ma, Zhao yuanshuai"
V266-1,Zhanggong shengjun
V266-1,Zhong Kui
V267-3,Daye
V267-3,Erye
V267-3,Fude zhengshen
V268-3,Weituo
V268-3,Weituo zuntian
V268-3,"Wen, Kang, Ma, Zhao yuanshuai"
V269-1,Ciji zhenjun
V269-1,Guanyin
V269-1,Guanyin dashi
V269-1,Kanggong yuanshuai
V269-1,Sima shengwang
V269-1,Taiyi xiangu
V269-1,Tiangong
V269-1,Tiangong yuanshuai
V269-1,"Wen, Kang, Ma, Zhao yuanshuai"
V269-1,Zhanggong shengjun
V269-1,Zhong Kui
V270-1,Ciji zhenjun
V270-1,Fazhu xianfei
V270-1,Huanggong
V270-1,Huanggong yuanshuai
V270-1,Sansheng zhenjun
V270-1,Taiyi xiangu
V270-1,Xuantan yuanshuai
V277-2,Guanyin
V277-2,Guanyin dashi
V277-2,Wutan liesheng
V278-1,Huangxuan yuanshuai
V278-1,Sanyi jiaozhu
V278-1,Wenye
V278-1,Xuantan gong
V278-2,Ciji zhenjun
V278-2,Dutian yuanshuai
V278-2,Liugong yuanshuai
V278-2,Taiyi xiangu
V278-2,Zhanggong yuanshuai
V278-4,Jialan
V278-4,Weituo
V279-1,Dutian yuanshuai
V279-1,Liugong yuanshuai
V279-1,Sima shengwang
V279-1,Taiyi xiangu
V279-1,Tiangong
V279-1,Tiangong yuanshuai
V279-1,Zhanggong shengjun
V279-1,Zhong Kui
V280-1,Guanyin
V280-1,Guanyin dashi
V280-1,Huanggong
V280-1,Huanggong yuanshuai
V280-1,Sima shengwang
V280-1,Tianshang shengmu
V281-1,Sima shengwang
V281-1,Tianshang shengmu
V281-1,Wenye
V281-1,Wulu jiangjun
V282-1,Baban
V282-1,Sansheng zhenjun
V284-1,Tiangong
V284-1,Tiangong yuanshuai
V284-1,Tudigong
V285-1,Baima jiangjun
V285-1,Chima jiangjun
V285-1,Tiangong
V285-1,Tiangong yuanshuai
V285-1,Tianshang shengmu
V286-1,Huanggong
V286-1,Huanggong yuanshuai
V286-1,Sima shengwang
V286-1,Tianshang shengmu
V286-1,Wulu jiangjun
V286-1,Xugong taibao
V287-1,Bajiang
V287-1,Yang jiuniang
V288-1,Huanggong
V288-1,Huanggong yuanshuai
V288-1,Sima shengwang
V288-1,Tianshang shengmu
V288-1,Wulu jiangjun
V288-1,Xugong taibao
V289-1,Huanggong
V289-1,Huanggong yuanshuai
V289-1,Sima shengwang
V289-1,Tianshang shengmu
V289-1,Wulu jiangjun
V290-1,Ciji zhenjun
V290-1,Kanggong yuanshuai
V290-1,Taiyi xiangu
V290-1,Zhanggong shengjun
V290-1,Zhaogong yuanshuai
V290-1,Zhong Kui
V290-2,Guanyin
V290-2,Guanyin dashi
V291-1,Dutian yuanshuai
V291-1,Guanyin
V291-1,Guanyin dashi
V291-1,Jialuo dasheng
V291-1,Kanggong yuanshuai
V291-1,Liugong yuanshuai
V291-1,Sima shengwang
V291-1,Taiyi xiangu
V291-1,Tianshang shengmu
V291-1,Zhanggong shengjun
V291-1,Zhong Kui
V291-3,Guanyin
V291-3,Guanyin dashi
V291-3,Lingguan dadi
V292-1,Liugong yuanshuai
V292-1,Tianshang shengmu
V293-1,Liugong yuanshuai
V293-1,Yanggong taishi
V294-2,Ciji zhenjun
V294-2,Fazhu xianfei
V294-2,Jinfu sheren
V294-2,Sima shengwang
V294-2,Wu jiangjun
V295-1,Guanyin
V295-1,Guanyin dashi
V295-1,Qitian dasheng
V298-1,Cigan xianfei
V298-1,Ciji zhenjun
V298-1,Fazhu xianfei
V298-1,Zhanggong shengjun
V298-1,Zhong Kui
V298-2,Fude zhengshen
V298-3,Cuifu dama
V298-3,Guanyin
V298-3,Guanyin dashi
V298-3,Yanggong taishi
V298-5,Puhua tianzun
V299-1,Asan
V299-1,Baban
V299-1,Huye jiangjun
V299-1,Kanggong yuanshuai
V299-1,Liugong yuanshuai
V299-1,"Wen, Kang, Ma, Zhao yuanshuai"
V299-4,Sanfeng zhenren
V299-4,Wenchang dijun
V299-4,Xu daren
V300-1,Cigan xianfei
V300-1,Fazhu xianfei
V300-1,Wushi shengfei
V300-2,Sima shengwang
V300-3,Sima shengwang
V301-1,Baban
V301-1,Fazhu niangniang
V301-1,Huanggong
V301-1,Huanggong ershi
V301-1,Sima shengwang
V301-2,Chenshi zhenren
V301-2,Cigan xianfei
V301-2,Fazhu xianfei
V301-2,Sima shengwang
V301-2,Tianshang shengmu
V301-3,Fenghuo ertong
V301-3,Guan Ping
V301-3,Guansheng dijun
V301-3,Kuidou xingjun
V301-3,Wenchang dijun
V301-3,Zhou Cang
V301-8,Jialan
V301-8,Weituo
V301-9,Kongfu daren
V302-1,Baima jiangjun
V302-1,Fazhu xianfei
V302-1,Kuidou xingjun
V302-1,Sanxingjun
V302-1,Sima shengwang
V302-2,Baiya jiangjun
V302-2,Beidou xingjun
V302-2,Cigan xianfei
V302-2,Fenghuo ertong
V302-2,Huanggong
V302-2,Huanggong ershi
V302-2,Tiangong
V302-2,Tiangong yuanshuai
V302-2,Wenwu liesheng
V302-2,Zhanggong shengjun
V302-2,Zhong Kui
V302-3,Zhanggong shengjun
V302-3,Zhang Sanfeng
V302-3,Zhong Kui
V302-6,Jialan
V302-6,Weituo
V303-1,Fude zhengshen
V303-1,Guansheng dijun
V303-1,Guanyin
V303-1,Guanyin dashi
V303-1,Huanggong
V303-1,Huanggong ershi
V303-1,Qitian dasheng
V303-1,Sandian zhenjun
V303-1,Tiangong
V303-1,Tiangong yuanshuai
V303-1,Wushi shengfei
V303-3,Jialan
V303-3,Weituo
V304-1,Chenshi zhenren
V304-1,Huanggong
V304-1,Huanggong ershi
V304-1,Tiangong
V304-1,Tiangong yuanshuai
V304-1,Wenwu liesheng
V304-1,Zhanggong shengjun
V304-1,Zhong Kui
V305-1,Huanggong
V305-1,Huanggong shenghou
V305-1,Wushi shengfei
V306-1,Baiya jiangjun
V306-1,Huanggong
V306-1,Huanggong ershi
V306-1,Qitian dasheng
V306-1,Tiangong
V306-1,Tiangong yuanshuai
V306-1,Tianshang shengmu
V306-1,Zhanggong shengjun
V306-1,Zhong Kui
V306-2,Lufu furen
V306-2,Lufu yima
V307-1,Hangong
V307-1,Qitian dasheng
V307-1,Sandian zhenjun
V307-1,Wushi shengfei
V308-1,Qitian dasheng
V308-1,Sima shengwang
V308-1,Wencao
V308-1,Wencao wupan
V309-1,Wushi shengfei
V309-3,Guanyin
V309-3,Guanyin dashi
V309-3,Weituo
V310-1,Baiya jiangjun
V310-1,Fazhu xianfei
V310-1,Huanggong
V310-1,Huanggong shenghou
V310-1,Qitian dasheng
V310-1,Tiangong
V310-1,Tiangong yuanshuai
V310-1,Wei jiangjun
V310-2,Cuifu dama
V310-2,Fude zhengshen
V310-2,Lufu yima
V310-2,Wenwu liesheng
V311-1,Cai zhongjun
V311-1,Chenshi zhenren
V311-1,Fazhu xianfei
V311-1,Liu daren
V311-1,Qitian dasheng
V311-1,Sandian zhenjun
V311-1,Tiangong
V311-1,Tiangong yuanshuai
V311-1,Tianshang shengmu
V311-1,Zhanggong shengjun
V311-1,Zhong Kui
V311-2,Chenshi zhenren
V311-2,Fazhu xianfei
V311-2,Qianshi shengfei
V311-3,Mao
V311-3,Xuantan yuanshuai
V311-5,Daxiong
V311-5,Erxiong
V311-5,Sanyi jiaozhu
V311-5,Xuantan yuanshuai
V311-6,Lubu dashen
V311-6,Puhua tianzun
V311-6,Xuantan yuanshuai
V311-6,Xuantian shangdi
V312-1,Cigan xianfei
V312-1,Fazhu xianfei
V312-3,Zhang Sanfeng
V313-1,Ciji zhenjun
V313-1,Dage
V313-1,Dutian yuanshuai
V313-1,Fude zhengshen
V313-1,Qianshi shengfei
V313-1,Zhanggong shengjun
V313-1,Zhong Kui
V313-2,Fude zhengshen
V313-4,Guanyin
V313-4,Guanyin dashi
V313-4,Taishang laojun
V313-4,Tianshang wuji shengmu
V313-4,Wangmu niangniang
V314-1,Baima jiangjun
V314-1,Dutian yuanshuai
V314-1,Liugong yuanshuai
V314-1,Taiyi xiangu
V314-1,Tiangong
V314-1,Tiangong yuanshuai
V314-1,Tianshang shengmu
V314-1,Zhanggong shengjun
V314-1,Zhong Kui
V314-2,Daxiong
V314-2,Erxiong
V314-2,Lufu daren
V314-2,Tiangong
V314-2,Tiangong yuanshuai
V314-2,Wenwu liesheng
V314-2,Xu daren
V314-2,Yima yuanjun
V314-2,Zhanggong shengjun
V314-2,Zhong Kui
V314-3,Sanfeng zhenren
V315-1,Baban
V315-1,Cigan xianfei
V315-1,Daxiong
V315-1,Erxiong
V315-1,Fude zhengshen
V315-1,Guansheng dijun
V315-1,Lingyou shengwang
V315-1,Sima shengwang
V315-2,Tianshang shengmu
V315-4,Fude zhengshen
V315-5,Sanguan dadi
V315-5,Tiangong
V315-5,Tiangong yuanshuai
V316-1,Huanggong
V316-1,Huanggong shenghou
V316-1,Sima shengwang
V316-1,Wenwu liesheng
V316-2,Sima shengwang
V316-2,Wenwu liesheng
V316-3,Beidou xingjun
V316-3,Chenshi zhenren
V316-3,Nandou xingjun
V316-3,Qitian dasheng
V316-3,Wenwu liesheng
V316-3,Zhanggong shengjun
V316-3,Zhong Kui
V317-1,Daxiong
V317-1,Fude zhengshen
V317-1,Qitian dasheng
V317-1,Tiangong
V317-1,Tiangong yuanshuai
V317-1,Xietian dadi
V317-1,Xu daren
V317-1,Zhanggong shengjun
V317-1,Zhong Kui
V317-3,Tianshang shengmu
V317-4,Jialan
V317-4,Weituo
V317-6,Chenshi zhenren
V317-6,Cigan xianfei
V317-6,Fude zhengshen
V317-6,Qitian dasheng
V317-6,Sima shengwang
V317-6,Zhanggong shengjun
V317-6,Zhong Kui
V317-8,Linshui furen
V317-8,Puhua tianzun
V317-8,Zhanggong shengjun
V317-8,Zhong Kui
V317-9,Daye
V317-9,Erye
V317-9,Fazhu xianfei
V317-9,Sima shengwang
V317-9,Tiangong
V317-9,Tiangong yuanshuai
V317-9,Zhanggong shengjun
V317-9,Zhong Kui
V317-11,Sima shengwang
V317-11,Taiyi xiangu
V317-11,Tiangong
V317-11,Tiangong yuanshuai
V317-11,Zhanggong shengjun
V317-11,Zhong Kui
V317-12,Linshui furen
V317-12,Sima shengwang
V317-12,Tiangong
V317-12,Tiangong yuanshuai
V317-12,Tianshang shengmu
V317-12,Zhanggong shengjun
V317-12,Zhong Kui
V318-1,Sima shengwang
V318-1,Zhanggong shengjun
V318-1,Zhaogong yuanshuai
V318-1,Zhong Kui
V318-2,Baifu daren
V319-1,Taiyi xiangu
V319-1,Tiangong
V319-1,Tiangong yuanshuai
V319-1,Zhanggong shengjun
V319-1,Zhong Kui
V320-1,Dutian yuanshuai
V320-1,Li sanfuren
V320-1,Tiangong
V320-1,Tiangong yuanshuai
V320-1,Zhanggong shengjun
V320-1,Zhong Kui
V320-2,Baban
V320-2,Daye
V320-2,Erye
V320-2,Jin zhongjun
V320-2,Siye
V321-1,Tiangong
V321-1,Tiangong yuanshuai
V321-1,Wenwu liesheng
V321-1,Zhaogong yuanshuai
V321-2,Wenwu liesheng
V321-2,Zhanggong shengjun
V321-2,Zhong Kui
V323-4,Ciji zhenjun
V323-4,Daye
V323-4,Lufu furen
V323-4,Lufu yima
V324-1,Fude zhengshen
V324-2,Dage
V324-2,Guanyin
V324-2,Guanyin dashi
V324-2,Sanyi jiaozhu
V324-2,Xiangong
V324-2,Xu daren
V324-2,Zhou daren
V326-2,Fude zhengshen
V326-3,Heshi jiuxian
V326-3,Sanyi jiaozhu
V328-1,Fude zhengshen
V328-1,Wenchang dijun
V329-1,Sima shengwang
V329-1,Xietian dadi
V330-1,Tiangong
V330-1,Tiangong yuanshuai
V330-2,Guanyin
V330-2,Guanyin dashi
V330-2,Qitian dasheng
V331-2,Baxian
V331-2,Lanfu daren
V332-2,Daxiong
V332-2,Erxiong
V333-1,Baifu daren
V333-1,Tiangong
V333-1,Tiangong yuanshuai
V333-1,Zhanggong shengjun
V333-1,Zhong Kui
V334-1,Tiangong
V334-1,Tiangong yuanshuai
V334-2,Wenchang dijun
V335-1,Guanyin
V335-1,Guanyin dashi
V335-1,Qitian dasheng
V335-1,Sima shengwang
V335-1,Tiangong
V335-1,Tiangong yuanshuai
V335-1,Wushi shengfei
V335-2,Lufu yima
V335-3,Baiya jiangjun
V335-3,Fenghuo ertong
V336-1,Guanyin
V336-1,Guanyin dashi
V336-1,Qitian dasheng
V336-1,Sima shengwang
V336-1,Tiangong
V336-1,Tiangong yuanshuai
V337-1,Qitian dasheng
V337-1,Wushi shengfei
V337-2,Fude zhengshen
V337-2,Kuidou xingjun
V337-2,Wenchang dijun
V338-2,Baiya jiangjun
V338-2,Daye
V338-2,Erye
V338-2,Tiangong
V338-2,Tiangong yuanshuai
V338-3,Tiandi
V338-3,Tiandijun qinshi
V338-4,Ciji zhenjun
V340-1,Chen jiangjun
V340-1,Huang daye
V340-1,Magong taishi
V340-1,Qitian dasheng
V340-1,Sanyi jiaozhu
V340-1,Tiangong
V340-1,Tiangong yuanshuai
V340-1,Tiegong taishi
V340-1,Zhanggong shengjun
V340-1,Zhong Kui
V340-2,Jialan
V340-2,Weituo
V341-1,Dutian yuanshuai
V341-1,Fazhu xianfei
V341-1,Fude zhengshen
V341-1,Huanggong
V341-1,Huanggong ershi
V341-1,Tiangong
V341-1,Tiangong yuanshuai
V341-2,Fazhu xianfei
V341-3,Chen Jinggu
V341-3,Fazhu xianfei
V341-3,Huanggong
V341-3,Huanggong dashi
V341-3,Ruigou xianggong
V341-3,Wencao
V341-3,Wencao wupan
V341-3,Yang jiuniang
V341-4,"Wen, Kang, Ma, Zhao yuanshuai"
V341-5,Wang daren
V341-6,Baiya jiangjun
V341-6,Fude zhengshen
V341-6,Huanggong
V341-6,Huanggong yuanshuai
V341-6,Xu jiangjun
V342-1,Baiya jiangjun
V342-1,Fazhu xianfei
V342-1,Qitian dasheng
V342-1,Tiangong
V342-1,Tiangong yuanshuai
V342-1,Zhanggong shengjun
V342-1,Zhong Kui
V343-1,Fude zhengshen
V343-1,Qitian dasheng
V343-1,Sima shengwang
V344-1,Fude zhengshen
V344-1,Qitian dasheng
V344-1,Sima shengwang
V344-2,Chenshi zhenren
V344-2,Fazhu xianfei
V344-2,Guanyin
V344-2,Guanyin dashi
V344-2,Xu daren
V344-2,Yangjia bajiang
V344-2,Zhanggong shengjun
V344-2,Zhong Kui
V345-1,Chenshi zhenren
V345-1,Gaoshan shenghou
V345-1,Lufu daren
V345-1,Qitian dasheng
V345-1,Sima shengwang
V345-1,Tianshang shengmu
V345-1,Wenwu liesheng
V345-2,Baiya jiangjun
V345-2,Hufa longtian
V345-2,Sanguan dadi
V345-2,Tiangong
V345-2,Tiangong yuanshuai
V345-2,Xietian dadi
V345-2,Xu daren
V346-1,Dutian yuanshuai
V346-1,Fazhu xianfei
V346-1,Lufu furen
V346-1,Lufu yima
V346-1,Tianshang shengmu
V346-1,Zhanggong shengjun
V346-1,Zhong Kui
V347-1,Lufu furen
V347-1,Lufu yima
V347-2,Zhanggong shengjun
V347-2,Zhong Kui
V348-1,Guansheng dijun
V348-1,Tiangong
V348-1,Tiangong yuanshuai
V348-1,Xuantan yuanshuai
V348-1,Xuantian shangdi
V348-2,Dutian yuanshuai
V348-2,Ma yuanshuai
V348-2,Tiangong
V348-2,Tiangong yuanshuai
V348-2,"Wen, Kang, Ma, Zhao yuanshuai"
V348-2,Xu daren
V348-2,Xuantian shangdi
V348-2,Yanggong taishi
V348-2,Zhanggong shengjun
V348-2,Zhong Kui
V349-1,Fazhu xianfei
V349-1,Tiangong
V349-1,Tiangong yuanshuai
V349-1,"Wen, Kang, Ma, Zhao yuanshuai"
V349-1,Xietian dadi
V349-2,Guan Ping
V349-2,Taiyi xiangu
V349-2,"Wen, Kang, Ma, Zhao yuanshuai"
V349-2,Xietian dadi
V349-2,Zhou Cang
V349-3,"Wen, Kang, Ma, Zhao yuanshuai"
V349-4,Weituo
V349-5,Daxiong
V349-5,Lifu daren
V350-1,Fude zhengshen
V350-2,Wenwu liesheng
V350-4,Yanggong taishi
V351-3,Dage
V351-3,Wenchang dijun
V352-1,Fude zhengshen
V352-2,Qitian dasheng
V353-1,Wang lingguan
V353-2,Fude zhengshen
V353-2,Houtu furen
V353-2,Zunzhu mingwang
V355-1,Linshui furen
V355-1,Taiyi xiangu
V355-2,Zhang Sanfeng
V356-1,Dutian yuanshuai
V356-1,Sima shengwang
V356-1,Tianshang shengmu
V356-2,Dutian yuanshuai
V356-2,Guansheng dijun
V356-2,Guanyin
V356-2,Guanyin dashi
V356-2,Puhua tianzun
V356-2,Wusheng xianfei
V356-2,Xuantan yuanshuai
V356-2,Zhanggong shengjun
V356-2,Zhong Kui
V357-1,Huanggong
V357-1,Huanggong ershi
V357-1,Sima shengwang
V357-2,Yang jiuniang
V357-3,Zhang daren
V357-3,Zuoyou jiangjun
V358-2,Caigong yuanshuai
V358-2,Lingya jiangjun
V358-2,Ougong yuanshuai
V359-2,Guanyin
V359-2,Guanyin dashi
V359-2,Puhua tianzun
V359-2,Tiangong
V359-2,Tiangong yuanshuai
V359-2,Xuantan yuanshuai
V359-2,Xuantian shangdi
V359-2,Zhang Sanfeng
V360-2,Sanyi jiaozhu
V362-1,Guangze zunwang
V362-1,Huban dashen
V362-1,Liugong yuanshuai
V362-1,Tiangong
V362-1,Tiangong yuanshuai
V362-1,Zhongtian dasheng
V363-2,Zhang Sanfeng
V364-2,Fude zhengshen
V364-2,Guanyin
V364-2,Guanyin dashi
V364-2,Kanggong yuanshuai
V364-2,Yanggong taishi
V365-2,Dutian yuanshuai
V365-2,Qitian dasheng
V365-2,Sima shengwang
V365-2,Wenwu liesheng
V365-2,Wulu jiangjun
V365-2,Zhanggong shengjun
V365-2,Zhong Kui
V366-1,Jiangding shengwang
V366-1,Xietian dadi
V366-4,Zhang Sanfeng
V366-5,Leisheng puhua tianzun
V366-6,Guan Ping
V366-6,Zhou Cang
V367-2,Guansheng dijun
V367-2,Lufu furen
V367-2,Lufu yima
V367-3,Wenchang dijun
V367-3,Xuantian shangdi
V369-1,Dutian yuanshuai
V369-1,Li daren
V369-1,Qitian dasheng
V369-1,Sanyi jiaozhu
V369-1,Sima shengwang
V369-1,Tiangong
V369-1,Tiangong yuanshuai
V369-1,Tianshang shengmu
V369-1,Wenwu liesheng
V369-1,Xuantan yuanshuai
V369-1,Yang jiuniang
V369-1,Zhanggong shengjun
V369-1,Zhong Kui
V370-1,Chenshi zhenren
V370-1,Cigan xianfei
V370-1,Liugong yuanshuai
V370-1,Sima shengwang
V370-1,Wuhu jialuo
V370-1,Xu daren
V370-1,Xuantan yuanshuai
V370-1,Zhanggong shengjun
V370-1,Zhong Kui
V370-2,Fude zhengshen
V370-2,Lingya jiangjun
V370-3,Zhanggong shengjun
V370-3,Zhong Kui
V370-4,Wusheng tianfei
V370-5,Hufa longtian
V370-5,Taiyi xiangu
V370-5,Zhang Sanfeng
V370-5,Zhu Huixu
V370-6,Chensheng hufa
V370-6,Guan Ping
V370-6,Guansheng dijun
V370-6,Wenchang dijun
V370-6,Zhang Sanfeng
V370-6,Zhou Cang
V371-1,Qitian dasheng
V372-1,Baima xianggong
V372-1,Lu sheren
V373-1,Lingya jiangjun
V373-1,Lufu furen
V373-1,Lufu yima
V373-1,Qitian dasheng
V373-2,Qianshi shengfei
V373-2,Wusheng tianfei
V374-2,Wenchang dijun
V374-2,Wulu jiangjun
V376-1,Lingya jiangjun
V376-1,Tiangong
V376-1,Tiangong yuanshuai
V377-1,Guansheng dijun
V377-1,Puhua tianzun
V377-1,Sanyi jiaozhu
V377-1,Zhanggong shengjun
V377-1,Zhong Kui
V378-1,Qitian dasheng
V378-1,Sima shengwang
V378-1,Xushi shengfei
V379-1,Qitian dasheng
V379-1,Wushi shengfei
V379-2,Chenshi zhenren
V379-2,Qitian dasheng
V379-2,Tiangong
V379-2,Tiangong yuanshuai
V379-2,Xietian dadi
V379-2,Yima yuanjun
V380-1,Cigan xianfei
V380-1,Fazhu xianfei
V380-1,Puji shenghou
V380-1,Qitian dasheng
V380-3,Chenshi zhenren
V380-3,Lubu dashen
V380-3,Lufu yima
V380-3,Zhang Sanfeng
V380-3,Zhuo Wanchun
V380-4,Fenghuo ertong
V382-1,Qitian dasheng
V383-1,Chenshi zhenren
V383-1,Qitian dasheng
V383-1,Wushi shengfei
V384-1,Zhanggong shengjun
V384-1,Zhong Kui
V384-2,Lufu yima
V385-1,Chenshi zhenren
V385-1,Qitian dasheng
V385-1,Sanyi jiaozhu
V385-1,Tiangong
V385-1,Tiangong yuanshuai
V385-1,Tianshang shengmu
V385-1,Wushi shengfei
V386-1,Tiangong
V386-1,Tiangong yuanshuai
V387-1,Chenshi zhenren
V387-1,Qitian dasheng
V387-1,Sanyi jiaozhu
V387-1,Tiangong
V387-1,Tiangong yuanshuai
V387-1,Tianshang shengmu
V387-1,Wushi shengfei
V388-1,Chenshi zhenren
V388-1,Qitian dasheng
V388-1,Sanyi jiaozhu
V388-1,Tiangong
V388-1,Tiangong yuanshuai
V388-1,Tianshang shengmu
V388-1,Wushi shengfei
V388-3,Fude zhengshen
V388-3,Sanyi jiaozhu
V388-3,Tiangong
V388-3,Tiangong yuanshuai
V389-1,Chenshi zhenren
V389-1,Qitian dasheng
V389-1,Sanyi jiaozhu
V389-1,Tiangong
V389-1,Tiangong yuanshuai
V389-1,Tianshang shengmu
V389-1,Wushi shengfei
V389-2,Daxiong
V389-2,Erxiong
V390-1,Puji shenghou
V390-1,Tiangong
V390-1,Tiangong yuanshuai
V390-1,Wushi shengfei
V390-2,Chenshi zhenren
V390-2,Qitian dasheng
V390-2,Sanyi jiaozhu
V390-2,Tiangong
V390-2,Tiangong yuanshuai
V390-2,Tianshang shengmu
V390-2,Wushi shengfei
V391-1,Dutian yuanshuai
V391-1,Jialuo dasheng
V391-1,Wenwu liesheng
V391-1,Zhanggong shengjun
V391-1,Zhong Kui
V391-4,Bai daren
V391-4,Dutian yuanshuai
V391-4,Guansheng dijun
V391-4,Guanyin
V391-4,Guanyin dashi
V391-4,Jin daren
V391-4,Li daren
V391-4,Sanguan dadi
V391-4,Tiangong
V391-4,Tiangong yuanshuai
V391-4,Wenwu liesheng
V391-4,Zhanggong shengjun
V391-4,Zhong Kui
V391-5,Chensheng hufa
V391-5,Daye
V391-5,Erye
V391-5,Guansheng dijun
V391-5,Lingya jiangjun
V391-5,Tiangong
V391-5,Tiangong yuanshuai
V391-5,Weituo
V391-5,Weituo zunzhe
V391-5,Wuxian dadi
V391-5,Yushu dadi
V391-5,Zhang Sanfeng
V391-8,Yima yuanjun
V392-1,Zhanggong shengjun
V392-1,Zhong Kui
V393-1,Baiya jiangjun
V393-1,Chenshi zhenren
V393-1,Huanggong
V393-1,Huanggong ershi
V393-1,Puhua tianzun
V393-1,Wushi shengfei
V393-1,Yanggong taishi
V393-1,Zhanggong shengjun
V393-1,Zhong Kui
V393-3,Sanyi jiaozhu
V393-3,Tiangong
V393-3,Tiangong yuanshuai
V393-3,Wenwu liesheng
V393-3,Xuantan yuanshuai
V393-3,Yuanshi tianzun
V394-1,Yanggong taishi
V395-1,Daye
V395-1,Erye
V395-1,Guansheng dijun
V395-1,Sanyi jiaozhu
V395-1,Tiangong
V395-1,Tiangong yuanshuai
V395-1,Wenchang dijun
V396-1,Wulu jiangjun
V396-1,Zhongtian dasheng
V397-1,Tiangong
V397-1,Tiangong yuanshuai
V397-1,Tianshang shengmu
V398-1,Cigan xianfei
V398-1,Tiangong
V398-1,Tiangong yuanshuai
V398-1,Zhanggong shengjun
V398-1,Zhong Kui
V399-1,Jin daren
V399-1,Pangu dijun
V399-1,Wen daren
V399-2,Chenshi zhenren
V399-2,Daxiong
V399-2,Guansheng dijun
V399-2,Puhua tianzun
V399-2,Tiangong
V399-2,Tiangong yuanshuai
V399-2,Wenchang dijun
V399-2,Yima yuanjun
V399-2,Zhanggong shengjun
V399-2,Zhang Sanfeng
V399-2,Zhong Kui
V399-3,Fude zhengshen
V399-3,Panguan
V400-1,Chen Jinggu
V400-1,Dutian yuanshuai
V400-1,Wutan zhizun
V400-1,Zhanggong shengjun
V400-1,Zhong Kui
V400-2,Huanggong
V400-2,Huanggong yuanshuai
V400-2,Tiangong
V400-2,Tiangong yuanshuai
V400-2,Zhang Sanfeng
V401-1,Beidou xingjun
V401-1,Dikui
V401-1,Heqing xingjun
V401-1,Nandou xingjun
V401-1,Wuhuang dadi
V401-1,Xuantian shangdi
V401-2,Panguan
V401-2,Sima shengwang
V401-2,Tiangong
V401-2,Tiangong yuanshuai
V401-2,Wugong
V401-2,Wutian shenghou
V401-4,Wenwu liesheng
V402-1,Baiya jiangjun
V402-1,Tiangong
V402-1,Tiangong yuanshuai
V402-1,Tianqian shengmu
V402-1,Zhanggong shengjun
V402-1,Zhong Kui
V403-2,Xuantian shangdi
V404-1,Qitian dasheng
V404-1,Tiangong
V404-1,Tiangong yuanshuai
V404-1,Yanggong taishi
V404-1,Zhanggong shengjun
V404-1,Zhong Kui
V404-2,Houtu furen
V404-2,Zunzhu mingwang
V404-5,Lufu dama
V405-1,Beidou xingjun
V405-1,Fude zhengshen
V405-1,Jialuo dasheng
V405-1,Puji shenghou
V405-1,Qitian dasheng
V405-1,Sima shenghou
V405-2,Guanyin
V405-2,Guanyin dashi
V405-2,Xuantian shangdi
V405-2,Zhang Sanfeng
V406-1,Tianshang shengmu
V407-1,Liugong yuanshuai
V407-1,Taiyi xiangu
V407-1,Xiehu jiangjun 
V407-1,Zhanggong shengjun
V407-1,Zhong Kui
V407-2,Jialan
V407-2,Weituo
V407-3,Baiya jiangjun
V407-3,Houtu furen
V407-3,Zunzhu mingwang
V407-5,Fude zhengshen
V407-5,Qitian dasheng
V407-6,Tiangong
V407-6,Tiangong yuanshuai
V407-6,Weituo
V408-1,Beidou xingjun
V408-1,Lufu dama
V408-1,Lufu yima
V408-1,Sima shengwang
V408-1,Xuantan yuanshuai
V408-1,Yanggong taishi
V408-1,Zhanggong shengjun
V408-1,Zhong Kui
V409-1,Bai daren
V409-1,Beidou xingjun
V409-1,Qitian dasheng
V409-1,Tiangong
V409-1,Tiangong yuanshuai
V409-1,Wang daye
V409-2,Bai daren
V409-2,Jin daren
V409-2,Tiangong
V409-2,Tiangong yuanshuai
V409-2,Xuantian shangdi
V409-3,"Deng, Wang, Shi zhongjun"
V409-3,Qitian dasheng
V409-3,Wang zhongjun
V409-3,Yuantian shangdi
V410-1,Beidou xingjun
V410-1,Peng jiangjun
V410-1,Sima shengwang
V410-1,Tiangong
V410-1,Tiangong yuanshuai
V410-1,Zhanggong shengjun
V410-1,Zhong Kui
V410-2,Tiangong
V410-2,Tiangong yuanshuai
V410-2,Wenchang dijun
V410-2,Xuantan yuanshuai
V410-2,Zhang Sanfeng
V411-1,Baima xianggong
V411-1,Puji shenghou
V411-1,Qitian dasheng
V411-1,Xuantan yuanshuai
V411-1,Zhanggong shengjun
V411-1,Zhong Kui
V411-2,Xiao daye
V411-2,Yanggong taishi
V411-2,Zhanggong shengjun
V411-2,Zhong Kui
V412-1,Baigong daren
V412-1,Beidou xingjun
V412-1,Heigong daren
V412-1,Longwang
V412-1,Lufu dama
V412-1,Qitian dasheng
V412-1,Sihai longwang
V412-1,Sima shengwang
V412-1,Taiyi xiangu
V412-1,Tiangong
V412-1,Tiangong yuanshuai
V412-2,Chen Zhida
V412-2,Huibai cishi
V412-2,Liang Puyao
V412-2,Lin Zhenming
V412-2,Lu Wenhui
V412-2,Puhua tianzun
V412-2,Weituo
V412-2,Zhang Hongdu
V412-2,Zhang Sanfeng
V412-2,Zhu Huixu
V412-5,Baiya jiangjun
V412-5,Wu daren
V413-1,Chen Jinggu
V413-1,Lufu yima
V413-1,Tiangong
V413-1,Tiangong yuanshuai
V414-1,Qitian dasheng
V414-1,Xuantian shangdi
V414-1,Yanggong taishi
V414-1,Zhanggong shengjun
V414-1,Zhong Kui
V414-2,Fude zhengshen
V414-2,Tuzhu mingwang
V415-2,Fanghuo dadi
V415-2,Tiangong
V415-2,Tiangong yuanshuai
V415-3,Kuidou xingjun
V422-1,Ciji zhenjun
V422-1,Dutian yuanshuai
V422-1,Kanggong yuanshuai
V422-1,Liugong yuanshuai
V422-1,Qitian dasheng
V422-1,Xuantan yuanshuai
V422-1,Zhanggong shengjun
V422-1,Zhong Kui
V422-2,Zhou daye
V422-4,Cuifu dama
V422-4,Lufu yima
V422-5,Kuidou xingjun
V422-6,Guanyin
V422-6,Guanyin dashi
V422-6,Hufa jialan
V422-6,Lu Wenhui
V422-6,Tiangong
V422-6,Tiangong yuanshuai
V422-6,Wuxian lingguan
V422-6,Xuantan yuanshuai
V422-6,Zhuo Wanchun
V422-7,Hong haier
V422-8,Jialan
V422-8,Weituo
V422-9,Baiya jiangjun
V422-9,Guansheng dijun
V422-9,Shijia wenfo
V422-9,Tiangong
V422-9,Tiangong yuanshuai
V422-9,Yanggong taishi
V422-10,Cuifu dama
V422-13,Hong haier
V423-1,Dutian yuanshuai
V423-1,Linshui furen
V423-1,Liugong yuanshuai
V423-1,Ma jiangjun
V423-1,Taiyi xiangu
V423-1,Zhanggong shengjun
V423-1,Zhong Kui
V423-2,Baiya jiangjun
V423-2,Liugong yuanshuai
V423-2,Lubu dashen
V423-2,Lufu yima
V423-2,Puhua tianzun
V423-2,Tianqian shengmu
V423-3,Puhua tianzun
V423-3,Zhanggong shengjun
V423-3,Zhong Kui
V423-3,Zhou daye
V423-4,Kuidou xingjun
V423-7,Cuifu dama
V423-7,Lufu yima
V424-1,Qitian dasheng
V424-1,Sima shengwang
V424-1,Tianshang shengmu
V424-1,Wenwu liesheng
V424-2,Tiangong
V424-2,Tiangong yuanshuai
V424-2,Xuantan yuanshuai
V424-2,Yushu dadi
V424-3,Huanggong
V424-3,Huanggong yuanshuai
V424-3,Xuantan yuanshuai
V424-3,Yanggong taishi
V425-1,Puji shenghou
V425-1,Qitian dasheng
V425-1,Yanggong taishi
V425-1,Zhanggong shengjun
V425-1,Zhong Kui
V425-4,Sandian zhenjun
V425-5,Kongfu daren
V425-5,Yawen dutong dashen
V425-6,Dikui
V425-6,Hu guniang
V425-6,Hu yuanshuai
V425-6,Tianshang shengmu
V425-7,Daye
V425-7,Erye
V425-9,Jialan
V425-9,Jialan pusa
V425-9,Weituo
V425-9,Weituo zuntian
V425-12,Baiya jiangjun
V425-12,Fenghuo ertong
V425-12,Ma yuanshuai
V425-12,"Wen, Kang, Ma, Zhao yuanshuai"
V425-12,Wuxian Ma yuanshuai
V425-13,Kuidou xingjun
V425-14,Baiya jiangjun
V425-14,Luzu xianshi
V425-14,Sima shengwang
V425-15,Lufu furen
V425-15,Lufu yima
V426-1,Jixiang dajiang
V426-1,Tiangong
V426-1,Tiangong yuanshuai
V426-1,Yanggong taishi
V427-1,Wushi shengfei
V427-1,Zhanggong shengjun
V427-1,Zhong Kui
V428-1,Tiangong
V428-1,Tiangong yuanshuai
V428-1,Zhanggong shengjun
V428-1,Zhong Kui
V429-1,Oushi furen
V429-1,Sima shengwang
V429-1,Wenchang dijun
V429-1,Xietian dadi
V429-2,Baiya jiangjun
V429-2,Dage
V430-1,Baiya jiangjun
V430-1,Fude zhengshen
V430-1,Lufu furen
V430-1,Lufu yima
V430-1,Qitian dasheng
V432-1,Sanyi jiaozhu
V432-1,Tiangong
V432-1,Tiangong yuanshuai
V432-1,Wusheng tianfei
V433-1,Tiangong
V433-1,Tiangong yuanshuai
V433-2,Daye
V433-2,Erye
V433-2,Huanghei jiangjun
V433-2,Zhanggong shengjun
V433-2,Zhong Kui
V434-1,Fude zhengshen
V434-1,Lingya jiangjun
V434-1,Panguan
V434-1,Tiangong
V434-1,Tiangong yuanshuai
V435-1,Baiya jiangjun
V435-1,Puji shenghou
V435-1,Sima shengwang
V435-1,Tiangong
V435-1,Tiangong yuanshuai
V435-1,Wusheng tianfei
V435-2,Huo daren
V435-2,Zhanggong shengjun
V435-2,Zhong Kui
V435-3,Guansheng dijun
V435-3,Shijiamouni
V435-3,Tianshang shengmu
V435-3,Weituo
V435-3,Xuantan gong
V435-4,Guangong
V435-4,Tiangong
V435-4,Tiangong yuanshuai
V435-4,Wenchang dijun
V435-5,Dizang wang
V435-5,Guanyin
V435-5,Guanyin dashi
V435-5,Lufu daren
V435-5,Lufu furen
V435-5,Weituo
V436-1,Chengong shenghou
V436-1,Huanggong
V436-1,Huanggong shenghou
V436-1,Sima shengwang
V437-1,Linshui furen
V437-1,Qitian dasheng
V437-1,Wuhuang dadi
V439-1,Chengong shenghou
V439-1,Huanggong
V439-1,Huanggong shenghou
V439-1,Linshui furen
V439-1,Qitian dasheng
V439-1,Tiangong
V439-1,Tiangong yuanshuai
V439-1,Wuhuang dadi
V440-1,Chengong shenghou
V440-1,Chen jiangjun
V440-1,Huanggong
V440-1,Huanggong shenghou
V440-1,Huang jiangjun
V440-1,Tiangong
V440-1,Tiangong yuanshuai
V440-2,Wenlin shuima
V440-2,Zhang daren
V440-2,Zhanggong shengjun
V440-2,Zhong Kui
V441-1,Sima shengwang
V441-1,Tiangong
V441-1,Tiangong yuanshuai
V441-1,Wenlin shuima
V441-1,Xu daren
V441-3,Guanyin
V441-3,Guanyin dashi
V441-3,Lanfu daren
V442-1,Puji shenghou
V442-1,Qitian dasheng
V442-1,Sima shenghou
V442-1,Wenlin shuima
V444-1,Wenlin shuima
V444-1,Zhang daren
V445-1,"Deng, Wang, Shi zhongjun"
V445-1,Ma daren
V445-1,Tiangong
V445-1,Tiangong yuanshuai
V445-1,Wang zhongjun
V445-3,Guanyin
V445-3,Guanyin dashi
V445-3,Tianqian shengmu
V445-3,Yima yuanjun
V446-1,Houtu furen
V446-1,Ruigou xianggong
V446-1,Sima shengwang
V446-1,Yaoshi furen
V446-1,Zunzhu mingwang
V447-1,Dutian yuanshuai
V447-1,Panguan
V447-1,Sida jiangjun
V447-1,Xuantan yuanshuai
V447-1,Xuantian shangdi
V448-1,Ruigou xianggong
V448-1,Tongling shenghou
V448-1,Yaoshi furen
V450-1,Oushi furen
V450-1,Qitian dasheng
V450-1,Tiangong
V450-1,Tiangong yuanshuai
V450-1,Wushi shengfei
V450-1,Zhanggong shengjun
V450-1,Zhong Kui
V451-1,Beidou xingjun
V451-1,Oushi furen
V451-1,Puji shenghou
V451-1,Qitian dasheng
V451-1,Zhanggong shengjun
V451-1,Zhong Kui
V452-1,Baifu daren
V452-1,Baiya jiangjun
V452-1,Chenshi zhenren
V452-1,Puji shenghou
V452-1,Qitian dasheng
V452-1,Sanyi jiaozhu
V452-1,Sima shengwang
V452-1,Tiangong
V452-1,Tiangong yuanshuai
V452-1,Yanggong taishi
V452-1,Zhanggong shengjun
V452-1,Zhong Kui
V452-2,Baiya jiangjun
V452-2,Tiangong
V452-2,Tiangong yuanshuai
V453-1,Qitian dasheng
V453-1,Wenwu liesheng
V453-2,Baifu daren
V454-1,Heihu jiangjun
V454-1,Puji shenghou
V454-1,Qitian dasheng
V454-1,Sima shengwang
V454-1,Tielu zungong
V454-1,Wugu daxian
V454-4,Sanyi jiaozhu
V455-1,Dutong
V455-1,Oushi furen
V455-1,Qitian dasheng
V455-1,Tiangong
V455-1,Tiangong yuanshuai
V455-1,Wusheng tianfei
V455-3,Fude zhengshen
V456-1,Dutong
V456-1,Puji shenghou
V456-1,Qitian dasheng
V456-1,Wusheng tianfei
V456-1,Zhanggong shengjun
V456-1,Zhong Kui
V458-1,Lubu dashen
V458-1,Qitian dasheng
V458-1,Tiangong
V458-1,Tiangong yuanshuai
V458-1,Zhanggong shengjun
V458-1,Zhong Kui
V459-1,Lubu dashen
V459-1,Lufu yima
V459-1,Qitian dasheng
V459-1,Tianpeng yuanshuai
V459-2,Lubu dashen
V459-2,Qitian dasheng
V459-2,Tiangong
V459-2,Tiangong yuanshuai
V459-2,Zhanggong shengjun
V459-2,Zhong Kui
V459-3,Yuhuang zhizun
V459-3,Zhang Sanfeng
V460-1,Huang daren
V460-1,Jiang daren
V460-1,Mafu shenjiang
V460-2,Zhang Sanfeng
V461-1,Fude zhengshen
V461-1,Guangze zunwang
V461-1,Puji shenghou
V461-1,Qitian dasheng
V461-1,Tiangong
V461-1,Tiangong yuanshuai
V461-1,Weiwu shenghou
V461-2,"Wen, Kang, Ma, Zhao yuanshuai"
V461-3,"Wen, Kang, Ma, Zhao yuanshuai"
V462-1,Fude zhengshen
V462-1,Guangze zunwang
V462-1,Jinfu daren
V462-1,Lubu dashen
V462-1,Puji shenghou
V462-1,Qitian dasheng
V462-1,Sima shengwang
V462-1,Tiangong
V462-1,Tiangong yuanshuai
V462-1,Yima furen
V463-1,Baiya jiangjun
V463-1,Qitian dasheng
V463-1,Tiangong
V463-1,Tiangong yuanshuai
V463-1,Zhongtian dasheng
V464-1,Baiya jiangjun
V464-1,Dian daren
V464-1,Puji shenghou
V464-1,Qitian dasheng
V464-1,Sima shengwang
V464-1,Tiangong
V464-1,Tiangong yuanshuai
V464-1,Wusheng tianfei
V465-1,Baiya jiangjun
V465-1,Lanfu daren
V465-1,Panguan
V465-1,Puji shenghou
V465-1,Qitian dasheng
V465-1,Tiangong
V465-1,Tiangong yuanshuai
V465-1,Wusheng tianfei
V466-1,Qitian dasheng
V466-1,Tiangong
V466-1,Tiangong yuanshuai
V466-1,Wusheng tianfei
V467-1,Puji shenghou
V467-1,Qitian dasheng
V467-1,Tiangong
V467-1,Tiangong yuanshuai
V467-1,Yanggong taishi
V468-1,Daye
V468-1,Erye
V468-1,Fude zhengshen
V468-1,Li Tieguai
V468-1,Luzu xianshi
V468-1,Panguan
V468-1,Puhua tianzun
V468-1,Puji shenghou
V468-1,Qitian dasheng
V468-1,Sanyi jiaozhu
V468-1,Tiangong
V468-1,Tiangong yuanshuai
V468-1,Weiwu shenghou
V468-1,Yushu tianzun
V468-1,Zhanggong shengjun
V468-1,Zhang Sanfeng
V468-1,Zhong Kui
V469-1,Jixiang yuanshuai
V469-1,Panguan
V469-1,Tiangong
V469-1,Tiangong yuanshuai
V469-1,Zhongtian dasheng
V470-1,Qitian dasheng
V470-1,Wusheng tianfei
V470-2,Baiya jiangjun
V470-2,Fenghuo ertong
V470-2,Gaoshan shenghou
V470-2,Panguan
V470-2,Qitian dasheng
V470-2,Tiangong
V470-2,Tiangong yuanshuai
V470-2,Wusheng tianfei
V470-4,Jialan
V470-4,Weituo
V470-5,Jiuxian
V471-1,Wusheng tianfei
V471-2,Tiangong
V471-2,Tiangong yuanshuai
V471-2,Zhanggong shengjun
V471-2,Zhong Kui
V471-3,Li erye
V472-1,Dutian yuanshuai
V472-1,Qitian dasheng
V472-1,Wusheng tianfei
V472-1,Xuantian shangdi
V472-1,Zhuogong zhoushi
V472-2,Lufu yima
V472-2,Tianqian shengmu
V472-2,Wenwu liesheng
V472-2,Zhanggong shengjun
V472-2,Zhong Kui
V473-1,Baiya jiangjun
V473-1,Fenghuo ertong
V473-1,Qitian dasheng
V473-1,Wusheng tianfei
V473-2,Li daren
V473-2,Lubu dashen
V473-3,Li daren
V473-3,Lubu dashen
V474-1,Qitian dasheng
V474-1,Sima shengwang
V474-1,Tiangong
V474-1,Tiangong yuanshuai
V474-2,Lufu dama
V474-2,Lufu daren
V475-2,Lufu yima
V475-2,Wuhua tongzi
V476-1,Fude zhengshen
V476-1,Houtu furen
V476-1,Lingshi shengwang
V476-1,Qitian dasheng
V476-1,Taiyi xiangu
V476-1,Zunzhu mingwang
V476-2,Baiya jiangjun
V476-2,Fenghuo ertong
V476-2,Guangze zunwang
V476-2,Zhanggong shengjun
V476-2,Zhong Kui
V476-3,Lufu dama
V476-4,Baifu daren
V476-4,Huangfu daren
V476-4,Wuhua tongzi
V477-1,Qitian dasheng
V477-1,Taiyi xiangu
V477-1,Tianshang shengmu
V477-2,Liugong yuanshuai
V477-2,Qitian dasheng
V477-2,Taiyi xiangu
V477-3,Baifu daren
V477-3,Tiangong
V477-3,Tiangong yuanshuai
V477-3,Wuhuang dadi
V478-1,Tiangong
V478-1,Tiangong yuanshuai
V478-1,Tianshang shengmu
V478-2,Tianshang shengmu
V478-3,Lanfu daren
V478-4,Beidou xingjun
V478-4,Qitian dasheng
V478-4,Tiangong
V478-4,Tiangong yuanshuai
V479-1,Fazhu xianfei
V479-1,Ma yuanshuai
V479-1,Qitian dasheng
V479-1,Tiangong
V479-1,Tiangong yuanshuai
V479-1,Wencao
V479-1,Wencao wupan
V479-1,Wenwu liesheng
V479-1,Zhanggong shengjun
V479-1,Zhaogong yuanshuai
V479-1,Zhong Kui
V479-2,Baiya jiangjun
V479-2,Tiangong
V479-2,Tiangong yuanshuai
V479-3,Bai daren
V479-3,Daye
V479-3,Erye
V479-3,Jin daren
V479-3,Sanyi jiaozhu
V479-3,Wuhua tongzi
V480-2,Hong daren
V480-2,Jin daren
V482-1,Qitian dasheng
V482-1,Sima shengwang
V482-1,Tianshang shengmu
V482-1,Wencao
V482-1,Wencao wupan
V482-1,Wenwu liesheng
V482-2,Baiya jiangjun
V482-2,Dutian yuanshuai
V483-2,Wang lingguan
V485-1,Qitian dasheng
V485-1,Tiangong
V485-1,Tiangong yuanshuai
V485-1,Tianshang shengmu
V485-1,Wuxian dadi
V485-1,Zhong Kui
V485-1,Zhuzi
V485-1,Zhuzi shengjun
V485-1,Zouma sheren
V485-2,Li daren
V485-2,Li jiangjun
V485-2,Sanyi jiaozhu
V485-2,Wuhua tongzi
V486-1,Heshi xianshi
V486-1,Liu xiansheng
V486-1,Zhongtian dasheng
V486-2,Tiangong
V486-2,Tiangong yuanshuai
V486-2,Zhanggong shengjun
V486-2,Zhong Kui
V486-3,Puji shenghou
V486-3,Qitian dasheng
V486-3,Tiangong
V486-3,Tiangong yuanshuai
V486-3,Wusheng tianfei
V486-4,Tianshang shengmu
V486-4,Yanggong taishi
V486-4,Zhanggong shengjun
V486-4,Zhong Kui
V486-5,Chen Zhida
V486-5,Liang Puyao
V522-1,Puji shenghou
V522-1,Tiangong
V522-1,Tiangong yuanshuai
V522-2,Panguan
V523-1,Fude zhengshen
V523-1,Qitian dasheng
V523-1,Wenwu liesheng
V523-2,Daxiong
V523-2,Erxiong
V523-2,Fude zhengshen
V523-2,Wenchang dijun
V523-2,Wenwu liesheng
V524-1,Fude zhengshen
V524-1,Zuoyou jiangjun
V525-1,Panguan
V526-1,Tiangong
V526-1,Tiangong yuanshuai
V527-1,Qitian dasheng
V528-1,Heihu dashen
V528-1,Puji shenghou
V528-1,Qitian dasheng
V528-1,Sima shengwang
V528-2,Wenwu liesheng
V528-6,Jialan
V528-6,Jialan pusa
V528-6,Weituo
V528-6,Weituo hufa
V529-1,Puji shenghou
V529-1,Tiangong
V529-1,Tiangong yuanshuai
V529-2,Chenshi zhenren
V529-2,Lubu dashen
V529-2,Lufu yima
V529-2,Zhanggong shengjun
V529-2,Zhong Kui
V530-2,Jingong daren
V530-2,Xuantian shangdi
V531-2,Fude zhengshen
V531-2,Jialan
V531-2,Puji shenghou
V531-2,Qitian dasheng
V532-1,Tiangong
V532-1,Tiangong yuanshuai
V532-1,Zhanggong shengjun
V532-1,Zhong Kui
V533-1,Huang jiangjun
V533-1,Wenwu liesheng
V534-1,Qitian dasheng
V534-1,Tianshang shengmu
V534-3,Beidou xingjun
V534-3,Guansheng dijun
V534-3,Zhuzi
V535-1,Tianshang shengmu
V536-1,Shennongshi
V536-1,Tiangong
V536-1,Tiangong yuanshuai
V536-1,Zhanggong shengjun
V536-1,Zhong Kui
V538-2,Dutian yuanshuai
V538-2,Qitian dasheng
V538-2,Sima shengwang
V538-2,Wenwu liesheng
V538-2,Wulu jiangjun
V538-2,Zhanggong shengjun
V538-2,Zhong Kui
V539-1,Dutong
V539-1,Dutong shenghou
V539-1,Puji shenghou
V539-1,Qitian dasheng
V539-1,Tiangong
V539-1,Tiangong yuanshuai
V539-1,Zhanggong shengjun
V539-1,Zhong Kui
V540-3,Wugu daxian
V540-4,Cuifu dama
V540-4,Erye
V540-4,Sanye
V540-4,Tiangong
V540-4,Tiangong yuanshuai
V541-1,Qitian dasheng
V541-1,Tiangong
V541-1,Tiangong yuanshuai
V541-1,Xuantian shangdi
V543-3,Xietian dadi
V543-3,Yanggong taishi
V543-3,Yang jiuniang
V545-1,Sima shengwang
V545-1,Tiangong
V545-1,Tiangong yuanshuai
V546-1,Qitian dasheng
V546-1,Sima shengwang
V546-1,Zhongtian dasheng
V547-1,Baiya jiangjun
V547-1,Sima shengwang
V547-1,Tiangong
V547-1,Tiangong yuanshuai
V547-1,Zhongtian dasheng
V547-2,Jialan
V547-2,Weituo
V547-4,Xietian dadi
V547-6,Lufu furen
V547-6,Lufu yima
V548-1,Oushi furen
V548-1,Qitian dasheng
V548-1,Sima shengwang
V548-1,Tiangong
V548-1,Tiangong yuanshuai
V548-1,Xuantan yuanshuai
V548-1,Zhanggong shengjun
V548-1,Zhong Kui
V548-2,Zhang Sanfeng
V548-4,Jialan
V548-4,Weituo
V549-3,Tiangong
V549-3,Tiangong yuanshuai
V549-9,Xuantian shangdi
V549-10,Li daye
V550-1,Fude zhengshen
V550-1,Lifu daren
V550-1,Liugong yuanshuai
V550-1,Qitian dasheng
V550-1,Tiangong
V550-1,Tiangong yuanshuai
V550-1,Zhanggong shengjun
V550-1,Zhong Kui
V550-2,Guanyin
V550-2,Guanyin dashi
V550-2,Tianshang shengmu
V554-1,Baiya jiangjun
V554-1,Guangze zunwang
V554-1,Houtu furen
V554-1,Jialan
V554-1,Kanggong yuanshuai
V554-1,Ligong yuanshuai
V554-1,Ma yuanshuai
V554-1,Sanyi jiaozhu
V554-1,Tiangong
V554-1,Tiangong yuanshuai
V554-1,"Wen, Kang, Ma, Zhao yuanshuai"
V554-1,Wugong dutong
V554-1,Wugong
V554-1,Zhanggong shengjun
V554-1,Zhaogong yuanshuai
V554-1,Zhong Kui
V554-1,Zunzhu mingwang
V556-2,Li jiangjun
V557-1,Baiya jiangjun
V557-1,Guangze zunwang
V557-1,Qitian dasheng
V557-1,Sima shengwang
V557-1,Tiangong
V557-1,Tiangong yuanshuai
V557-1,Wugong dutong
V557-1,Wugong
V557-1,Zhanggong shengjun
V557-1,Zhanggong yuanshuai
V557-1,Zhong Kui
V557-1,Zhongtian dasheng
V558-1,Baiya jiangjun
V558-1,Liu Jin shenghou
V558-1,Oushi xianfei
V558-1,Puji shenghou
V558-1,Qitian dasheng
V558-1,Sima shengwang
V558-1,Tiangong
V558-1,Tiangong yuanshuai
V558-1,Xuantian shangdi
V558-2,Guanyin
V558-2,Guanyin dashi
V558-2,Zhanggong shengjun
V558-2,Zhong Kui
V559-1,Baiya jiangjun
V559-1,Fenghuo ertong
V559-1,Jixiang dajiang
V559-1,Linshui furen
V559-1,Peng zhongjun
V559-1,Ruigou shenghou
V559-1,Sima shenghou
V559-1,Tiangong
V559-1,Tiangong yuanshuai
V559-1,Zhuojiao zhongjun
V559-2,Jialan
V559-2,Weituo
V560-1,Ciji zhenjun
V560-1,Dutian yuanshuai
V560-1,Liugong yuanshuai
V560-1,Wutan liesheng
V561-1,Lubu dashen
V561-1,Lufu yima
V561-1,Tiangong
V561-1,Tiangong yuanshuai
V561-1,Tianqian shengmu
V561-1,Wenwu liesheng
V561-1,Yanggong taishi
V561-1,Zhanggong shengjun
V561-1,Zhong Kui
V562-1,Baiya jiangjun
V562-1,Jixiang dajiang
V562-1,Ligong yuanshuai
V562-1,Tiangong
V562-1,Tiangong yuanshuai
V562-2,Ligong yuanshuai
V562-2,Lufu dama
V562-2,Lufu yima
V562-2,Tiangong
V562-2,Tiangong yuanshuai
V562-4,Lufu yima
V563-1,Baiya jiangjun
V563-1,Fenghuo ertong
V563-1,Gaoshan shenghou
V563-1,Jixiang dajiang
V563-1,Linshui furen
V563-1,Peng zhongjun
V563-1,Puji shenghou
V563-1,Ruigou shenghou
V563-1,Sima shenghou
V563-1,Tiangong
V563-1,Tiangong yuanshuai
V563-1,Zhuojiao zhongjun
V564-1,Baiya zhongjun
V564-1,Fenghuo ertong
V564-1,Linshui furen
V564-1,Lubu dashen
V564-1,Lufu yima
V564-1,Qitian dasheng
V564-1,Tianshang shengmu
V565-1,Lubu dashen
V565-1,Lufu yima
V565-1,Tianqian shengmu
V565-1,Tianshang shengmu
V566-1,Puji shenghou
V566-1,Qitian dasheng
V567-2,Jixiang dajiang
V567-2,Puji shenghou
V571-1,Linshui furen
V571-1,Tiangong
V571-1,Tiangong yuanshuai
V571-1,Zhanggong shengjun
V571-1,Zhong Kui
V571-2,Jialan
V571-2,Weituo
V572-1,Zhanggong shengjun
V572-1,Zhong Kui
V573-2,Baxian
V574-2,Lubu dashen
V574-2,Lufu yima
V579-1,Heihu dashen
V579-1,Hougong shenghou
V579-1,Huang duyuanshuai
V579-1,Qitian dasheng
V579-1,Ruigou shengwang
V579-1,Wugong dutong
V579-1,Wugong
V587-1,Qiugong shenghou
V587-1,Tiangong
V587-1,Tiangong yuanshuai
V587-1,Tianshang shengmu
V587-1,Zhanggong shengjun
V587-1,Zhong Kui
V587-2,Lingguan dadi
V587-2,Ma daren
V587-3,Huangshi xianfei
V588-1,Dutian yuanshuai
V588-1,Jin zhongjun
V588-1,Qiongcang tiandi
V588-1,Taiyi xiangu
V588-1,Tiangong
V588-1,Tiangong yuanshuai
V588-1,Zhanggong shengjun
V588-1,Zhong Kui
V588-2,Qiugong shenghou
V588-2,Song zhongjun
V588-2,Tiangong
V588-2,Tiangong yuanshuai
V588-3,Lingguan dadi
V588-3,Tiangong
V588-3,Tiangong yuanshuai
V589-1,Dutian yuanshuai
V589-1,Lubu dashen
V589-1,Lufu yima
V589-1,Qiugong shenghou
V589-1,Tianqian shengmu
V590-1,Anling shenggong
V590-1,Qitian dasheng
V590-1,Tiangong
V590-1,Tiangong yuanshuai
V590-1,Xuantian shangdi
V590-1,Zhanggong shengjun
V590-1,Zhong Kui
V591-1,Baiya jiangjun
V591-1,Ciji zhenjun
V591-1,Fude zhengshen
V591-1,Gongying tongzi
V591-1,Luban xianshi
V591-1,Puji shenghou
V591-1,Qitian dasheng
V591-1,Tiangong
V591-1,Tiangong yuanshuai
V592-1,Ciji zhenjun
V592-1,Jingong shenghou
V592-1,Lingya jiangjun
V592-1,Qitian dasheng
V592-1,Qiye
V592-1,Qiugong shenghou
V592-1,Tiangong
V592-1,Tiangong yuanshuai
V592-1,Xuantian shangdi
V592-1,Zhanggong shengjun
V592-1,Zhong Kui
V592-2,Lingguan dadi
V592-2,Xuantan yuanshuai
V593-1,Qitian dasheng
V593-1,Tiangong
V593-1,Tiangong yuanshuai
V593-1,Xuantian shangdi
V593-1,Zhanggong shengjun
V593-1,Zhong Kui
V594-1,Baiya jiangjun
V594-1,Jiutian shangdi
V594-1,Puji shenghou
V594-1,Qitian dasheng
V594-1,Tiangong
V594-1,Tiangong yuanshuai
V594-2,Qitian dasheng
V594-2,Tiangong
V594-2,Tiangong yuanshuai
V595-1,Cuifu dama
V595-1,Lubu dashen
V595-1,Lufu yima
V595-1,Puji shenghou
V595-1,Qitian dasheng
V595-1,Tiangong
V595-1,Tiangong yuanshuai
V595-1,Tianqian shengmu
V595-1,Tianshang shengmu
V597-1,Dutong
V597-1,Dutong shenghou
V597-1,Qitian dasheng
V597-1,Tiangong
V597-1,Tiangong yuanshuai
V597-1,Zhanggong shengjun
V597-1,Zhong Kui
V599-1,Dutong
V599-1,Dutong shenghou
V599-1,Sima shengwang
V599-2,Dutong
V599-2,Dutong shenghou
V599-2,Tiangang
V599-2,Xuantan yuanshuai
V599-4,Daye
V599-4,Erye
V601-1,Ma yuanshuai
V601-1,Qitian dasheng
V601-1,Tiangong
V601-1,Tiangong yuanshuai
V601-1,Yanggong taishi
V601-4,Fude zhengshen
V601-5,Jialan
V601-5,Weituo
V601-6,Daye
V601-6,Erye
V601-6,Lubu dashen
V601-6,Lufu yima
V601-6,San furen
V603-1,Ciji zhenjun
V603-1,Jiuhua xianshi
V603-1,Kanggong yuanshuai
V603-1,Linshui furen
V603-1,Liugong yuanshuai
V603-1,Lubu dashen
V603-1,Qitian dasheng
V603-1,Sima shengwang
V603-1,Tianshang shengmu
V603-1,Wenchang dijun
V603-1,Yuhuang dadi
V603-1,Zhanggong shengjun
V603-1,Zhaogong yuanshuai
V603-1,Zhong Kui
V603-2,Tianshang shengmu
V603-2,Xuantan yuanshuai
V603-2,Zhanggong shengjun
V603-2,Zhong Kui
V605-2,Lubu dashen
V605-2,Lufu yima
V606-1,Dutian yuanshuai
V606-1,Fude zhengshen
V606-1,Jialuo dasheng
V606-1,Lubu dashen
V606-1,Zhanggong shengjun
V606-1,Zhong Kui
V606-2,Longwang
V606-2,Sihai longwang
V607-1,Baiya jiangjun
V607-1,Cuifu dama
V607-1,Jialuo dasheng
V607-1,Lubu dashen
V607-1,Tianshang shengmu
V607-1,"Wen, Kang, Ma, Zhao yuanshuai"
V607-1,Xuantan yuanshuai
V607-1,Xuantian shangdi
V607-1,Zhanggong shengjun
V607-1,Zhong Kui
V608-1,Qitian dasheng
V608-1,Sima shengwang
V608-1,Tiangong
V608-1,Tiangong yuanshuai
V608-1,Zhanggong shengjun
V608-1,Zhong Kui
V610-1,Fude zhengshen
V610-1,Tiangong
V610-1,Tiangong yuanshuai
V610-1,Yanggong taishi
V611-1,Tiangong
V611-1,Tiangong yuanshuai
V611-1,Tianshang shengmu
V611-1,"Wen, Kang, Ma, Zhao yuanshuai"
V611-1,Xuantan yuanshuai
V612-1,Lubu dashen
V612-1,Lufu yima
V612-1,Tianqian shengmu
V613-1,Baiya jiangjun
V615-1,Fude zhengshen
V615-1,Lubu dashen
V615-1,Lufu yima
V615-1,Qitian dasheng
V615-1,Tianqian shengmu
V616-1,Baiya jiangjun
V616-1,Chen Jinggu
V616-1,Daye
V616-1,Erye
V616-1,Sanyi jiaozhu
V616-2,Guansheng dijun
V616-2,Linshui furen
V616-3,Fude zhengshen
V616-3,Qitian dasheng
V617-1,Lushi furen
V617-1,Qitian dasheng
V617-1,Xietian dadi
V617-2,Guanyin
V617-2,Guanyin dashi
V617-2,Sanfeng zhenren
V617-2,Shangyang zhenren
V618-1,Baiya jiangjun
V618-1,Fazhu xianfei
V618-1,Oushi xianfei
V618-1,Qitian dasheng
V618-1,Tiangong
V618-1,Tiangong yuanshuai
V618-1,Xuantan yuanshuai
V618-1,Zhanggong shengjun
V618-1,Zhong Kui
V618-2,Guanyin
V618-2,Guanyin dashi
V618-2,Linshui furen
V618-2,Ma yuanshuai
V618-2,Zhaogong yuanshuai
V619-1,Dutong
V619-1,Dutong shenghou
V619-1,Fazhu xianfei
V619-1,Oushi xianfei
V619-1,Sandian zhenjun
V619-1,Tiangong
V619-2,Dutong
V619-2,Dutong shenghou
V619-2,Sanyi jiaozhu
V619-2,Yanggong taishi
V619-3,Dutong
V619-3,Dutong shenghou
V619-3,Yanggong taishi
V620-1,Daye
V620-1,Erye
V620-1,Fazhu xianfei
V620-1,Fenghuo ertong
V620-1,Fude zhengshen
V620-1,Lingya jiangjun
V620-1,Lufu yima
V620-1,Oushi xianfei
V620-1,Shangyang zhenren
V620-1,Tiangong
V620-1,Tiangong yuanshuai
V620-1,Tianqian shengmu
V620-1,Xuantan yuanshuai
V621-1,Ciji zhenjun
V621-1,Dutian yuanshuai
V621-1,Guangze zunwang
V621-1,Kanggong yuanshuai
V621-1,Qitian dasheng
V621-1,Sanyi jiaozhu
V621-1,"Wen, Kang, Ma, Zhao yuanshuai"
V621-1,Xuantian shangdi
V621-1,Zhanggong shengjun
V621-1,Zhong Kui
V622-1,Ciji zhenjun
V622-1,Dutian yuanshuai
V622-1,Dutong
V622-1,Dutong shenghou
V622-1,Haotian dizi
V622-1,Qitian dasheng
V622-1,Qiugong shenghou
V622-1,Sima shengwang
V622-1,Wuan shengwang
V622-1,Xuantian shangdi
V622-1,Yuhuang dadi
V622-1,Zhengyi lingguan
V622-1,Zhongtian dasheng
V622-2,Fude zhengshen
V622-2,Zhanggong shengjun
V622-2,Zhong Kui
V622-3,Fude zhengshen
V622-3,Guansheng dijun
V622-3,Jialan
V622-3,Weituo
V622-4,Tiangong
V622-4,Tiangong yuanshuai
V622-4,Zhanggong shengjun
V622-4,Zhong Kui
V622-5,Guansheng dijun
V622-5,Guanyin
V622-5,Guanyin dashi
V622-5,Wenchang dijun
V622-5,Zhang Sanfeng
V623-1,Dutian yuanshuai
V623-1,Jialuo dasheng
V623-1,Liugong yuanshuai
V623-1,Qitian dasheng
V623-1,Taiyi xiangu
V623-1,Tiangong
V623-1,Tiangong yuanshuai
V623-1,Wenchang dijun
V623-1,Wu jiangjun
V623-1,Xuantian shangdi
V623-1,Zhanggong shengjun
V623-1,Zhong Kui
V624-1,Ciji zhenjun
V624-1,Fude zhengshen
V624-1,Jixiang dajiang
V624-1,Li sanfuren
V624-1,Liugong yuanshuai
V624-1,Lufu yima
V624-1,Qitian dasheng
V624-1,Taiyi xiangu
V624-1,Tiangong
V624-1,Tiangong yuanshuai
V624-1,Zhanggong shengjun
V624-1,Zhong Kui
V625-1,Dutian yuanshuai
V625-1,Lingya zhongjun
V625-1,Puji shenghou
V625-1,Tiangong
V625-1,Tiangong yuanshuai
V625-1,Xuantan yuanshuai
V625-1,Zhanggong shengjun
V625-1,Zhong Kui
V625-1,Zhou daye
V625-2,Cuifu dama
V625-2,Daye
V625-2,Erye
V625-2,Lufu furen
V625-2,Lufu yima
V625-2,Tiangong
V625-2,Tiangong yuanshuai
V625-2,Xuantan yuanshuai
V625-3,Cuifu dama
V625-3,Lufu dama
V625-3,Lufu yima
V625-3,Tiangong
V625-3,Tiangong yuanshuai
V625-3,Xuantan yuanshuai
V625-3,Zhanggong shengjun
V625-3,Zhong Kui
V626-1,Xuantan yuanshuai
V626-1,Xuantian shangdi
V626-1,Zhanggong shengjun
V626-1,Zhong Kui
V627-1,Fazhu xianfei
V627-1,Fuhu
V627-1,Tiangong
V627-1,Tiangong yuanshuai
V628-1,Fazhu xianfei
V628-1,Lubu dashen
V628-1,Lufu furen
V628-1,Magong taishi
V628-1,Qitian dasheng
V628-1,Shizhe zhongjun
V628-1,Tiangong
V628-1,Tiangong yuanshuai
V628-1,Tiegong taishi
V629-2,Baiya jiangjun
V629-2,Tiangong
V629-2,Tiangong yuanshuai
V629-2,Zhanggong shengjun
V629-2,Zhong Kui
V629-3,Guanyin
V629-3,Guanyin dashi
V629-3,Qitian dasheng
V629-3,Sanyi jiaozhu
V629-3,Tianshang shengmu
V629-3,Wenwu liesheng
V629-4,Ciji zhenjun
V629-4,Jialuo dasheng
V629-4,Zhanggong shengjun
V629-4,Zhong Kui
V629-5,Daye
V629-5,Diguan dadi
V629-5,Guansheng dijun
V629-5,Kuidou xingjun
V629-5,Shangyang zhenren
V629-5,Shuiguan dadi
V629-5,Tiangong
V629-5,Tiangong yuanshuai
V629-5,Tianguan dadi
V629-5,Wenchang dijun
V629-5,Xiaosheng xianshi
V629-5,Xuantan yuanshuai
V629-5,Zhanggong shengjun
V629-5,Zhang Sanfeng
V629-5,Zhong Kui
V629-5,Zhu Huixu
V629-6,Tiangong
V629-6,Tiangong yuanshuai
V629-6,Zhanggong shengjun
V629-6,Zhong Kui
V629-7,Chenshi zhenren
V629-7,Guangze zunwang
V629-7,Liugong yuanshuai
V629-7,Wangmu niangniang
V629-8,Guansheng dijun
V629-8,Weituo
V629-8,Weituo zuntian
V629-9,Beidou xingjun
V629-9,Nandou xingjun
V629-10,Jialan
V629-10,Weituo
V629-11,Guanyin
V629-11,Guanyin dashi
V629-11,Lubu dashen
V629-11,Wusheng xianfei
V629-12,Daye
V629-12,Erye
V629-12,Lingya jiangjun
V629-12,Sima shengwang
V629-12,Zhanggong shengjun
V629-12,Zhong Kui
V629-12,Zhongtian dasheng
V629-13,Jialan
V629-13,Qitian dasheng
V629-13,Weituo
V629-13,Zhanggong shengjun
V629-13,Zhong Kui
V630-1,Jialuo dasheng
V630-1,Kanggong yuanshuai
V630-1,Liugong yuanshuai
V630-1,Ma yuanshuai
V630-1,Qitian dasheng
V630-1,Taiyi xiangu
V630-1,"Wen, Kang, Ma, Zhao yuanshuai"
V630-1,Xuantan yuanshuai
V630-1,Xuantian shangdi
V630-1,Zhanggong shengjun
V630-1,Zhong Kui
V630-2,Daye
V630-2,Erye
V630-2,Lufu yima
V630-2,Tianqian shengmu
V631-1,Baiya jiangjun
V631-1,Heihu jiangjun
V631-1,Qitian dasheng
V631-1,Tiangong
V631-1,Tiangong yuanshuai
V631-1,Zhanggong shengjun
V631-1,Zhong Kui
V632-1,Cigan niangniang
V632-1,Dutian yuanshuai
V632-1,Lingya jiangjun
V632-1,Oushi xianfei
V632-1,Qitian dasheng
V632-1,Tiangong
V632-1,Tiangong yuanshuai
V632-1,Xiaogong shengjun
V632-1,Zhanggong shengjun
V632-1,Zhong Kui
V632-2,Oushi xianfei
V632-2,Zhanggong shengjun
V632-2,Zhong Kui
V632-3,Lufu yima
V632-3,Tiangong
V632-3,Tiangong yuanshuai
V632-3,Zhaogong yuanshuai
V632-4,Chengong shenghou
V632-4,Chenshi zhenren
V632-4,Tiangong
V632-4,Tiangong yuanshuai
V632-4,Zhanggong shengjun
V632-4,Zhong Kui
V633-1,Dutian yuanshuai
V633-1,Ma yuanshuai
V633-1,Qitian dasheng
V633-1,Tiangong
V633-1,Tiangong yuanshuai
V633-1,"Wen, Kang, Ma, Zhao yuanshuai"
V633-1,Wugong dutong
V633-1,Wugong
V633-2,Fude zhengshen
V633-2,Guansheng dijun
V633-2,Guanyin
V633-2,Guanyin dashi
V633-5,Caigong yuanshuai
V633-5,Zhanggong shengjun
V633-5,Zhong Kui
V633-6,Chengong shenghou
V633-6,Guangze zunwang
V633-9,Zhang Sanfeng
V633-9,Zhuo Wanchun
V634-1,Fazhu xianfei
V634-1,Jialuo dasheng
V634-1,Qitian dasheng
V634-1,Tiangong
V634-1,Tiangong yuanshuai
V634-1,Xiaogong shenghou
V634-1,Zhanggong shengjun
V634-1,Zhong Kui
V635-1,Qitian dasheng
V635-1,Xuantian shangdi
V636-2,Fude zhengshen
V636-2,Weituo
V637-3,Tiangong
V637-3,Tiangong yuanshuai
V637-3,Zhang Sanfeng
V637-3,Zhaogong yuanshuai
V638-1,Chengong shenghou
V638-1,Fushan shenghou
V639-1,Qitian dasheng
V640-1,Qitian dasheng
V640-1,Tiangong
V640-1,Tiangong yuanshuai
V640-1,Xuantan yuanshuai
V640-1,Zhanggong shengjun
V640-1,Zhong Kui
V641-4,Daye
V641-4,Erye
V641-4,Fude zhengshen
V641-4,Lubu dashen
V641-4,Lufu furen
V641-5,Beidou xingjun
V641-5,Dikui
V641-5,Nandou xingjun
V641-5,Xuantan yuanshuai
V641-6,Tiangong
V641-6,Tiangong yuanshuai
V641-6,Zhanggong shengjun
V641-6,Zhong Kui
V641-7,Jialan
V641-7,Weituo
V641-8,Tiangong
V641-8,Tiangong yuanshuai
V641-8,Xuantan yuanshuai
V641-9,Tianshang shengmu
V643-1,Dutian yuanshuai
V643-1,Dutong
V643-1,Dutong shenghou
V643-1,Fude zhengshen
V643-1,Haotian dizi
V643-1,Lingshi shengwang
V643-1,Lingya jiangjun
V643-1,Oushi xiangu
V643-1,Puji shenghou
V643-1,Qitian dasheng
V643-1,Shitai
V643-1,Shuiguan dadi
V643-1,Tiangong
V643-1,Tiangong yuanshuai
V643-2,Beidou xingjun
V643-2,Daye
V643-2,Dikui
V643-2,Erye
V643-2,Nandou xingjun
V643-2,Puji shenghou
V643-2,Shi zuoye
V643-2,Tiangang
V643-2,Xuantan yuanshuai
V643-3,Jialan
V643-3,Liu xiansheng
V643-3,Weituo
V643-5,Jialan
V643-5,Weituo
V644-1,Beidou zhongtian dasheng
V644-1,Dutian yuanshuai
V644-1,Dutong
V644-1,Dutong shenghou
V644-1,Qitian dasheng
V644-1,Tiangong
V644-1,Tiangong yuanshuai
V644-2,Dutian yuanshuai
V644-2,Liugong yuanshuai
V644-2,Taiyi xiangu
V644-2,Tiangong
V644-2,Tiangong yuanshuai
V644-2,Zhanggong shengjun
V644-2,Zhong Kui
V644-2,Zhongtian dasheng
V645-1,Huanggong
V645-1,Huanggong ershi
V646-2,Dutian yuanshuai
V646-2,Lingong shifu
V647-1,Baihu jiangjun
V647-1,Ciji zhenjun
V647-1,Dufei niangniang
V647-1,Dutian yuanshuai
V647-1,Huanggong
V647-1,Huanggong ershi
V647-1,Jialuo dasheng
V647-1,Qitian dasheng
V647-1,Taiyi xiangu
V647-1,Tiangong
V647-1,Tiangong yuanshuai
V647-1,Xuantan yuanshuai
V647-1,Zhanggong shengjun
V647-1,Zhong Kui
V647-2,Dutian yuanshuai
V647-2,Erye
V647-2,Lubu dashen
V647-2,Lufu furen
V647-2,Lufu yima
V647-2,Tiangong
V647-2,Tiangong yuanshuai
V647-2,Xuantan yuanshuai
V647-3,Baiya jiangjun
V647-3,Guanyin
V647-3,Guanyin dashi
V647-3,Guangze zunwang
V647-3,Lubu dashen
V647-3,Sanguan dadi
V647-3,Tiangong
V647-3,Tiangong yuanshuai
V648-1,Beidou zhongtian dasheng
V648-1,Kanggong yuanshuai
V648-1,Qitian dasheng
V648-1,Tiangong
V648-1,Tiangong yuanshuai
V648-2,Kuidou xingjun
V648-3,Beidou zhongtian dasheng
V648-3,Kanggong yuanshuai
V648-3,Qitian dasheng
V648-3,Tiangong
V648-3,Tiangong yuanshuai
V649-1,Taiyi xiangu
V649-1,Zhanggong shengjun
V649-1,Zhong Kui
V649-2,Qitian dasheng
V650-1,Beidou xingjun
V650-1,Guanyin
V650-1,Guanyin dashi
V650-1,Nandou xingjun
V650-1,Xuantan yuanshuai
V650-1,Xuantian shangdi
V650-2,Dutian yuanshuai
V650-2,Jixiang miaojiang
V650-2,Jialuo dasheng
V650-2,Liugong yuanshuai
V650-2,Qitian dasheng
V650-2,Taiyi xiangu
V650-2,Xuantan yuanshuai
V650-2,Zhanggong shengjun
V650-2,Zhong Kui
V651-1,Erye
V651-1,Fazhu xianfei
V651-1,Huanggong
V651-1,Huanggong ershi
V651-1,Huiying shenghou
V651-1,Lingguan dadi
V651-1,Tiangong
V651-1,Tiangong yuanshuai
V651-1,Wuhua tongzi
V651-1,Zhanggong shengjun
V651-1,Zhaoli daye
V651-1,Zhong Kui
V651-3,Ma jiangjun
V651-3,Puji shenghou
V652-1,Beidou zhongtian dasheng
V652-1,Boye
V652-1,Ciji zhenjun
V652-1,Kanggong yuanshuai
V652-1,Lubu dashen
V652-1,Sima shengwang
V652-1,Tianqian shengmu
V652-2,Baiya jiangjun
V652-2,Dutian yuanshuai
V652-2,Puhua tianzun
V652-2,Qitian dasheng
V652-2,Tiangong
V652-2,Tiangong yuanshuai
V652-2,Wenwu liesheng
V652-2,Wusheng xianfei
V652-2,Zhanggong shengjun
V652-2,Zhong Kui
V652-3,Jingong daren
V652-3,Lufu yima
V652-3,Magong daren
V652-3,Penggong
V652-3,Tiangong
V652-3,Tiangong daren
V652-3,Tianqian shengmu
V652-9,Jialan
V652-9,Weituo
V653-1,Ding yuanshuai
V653-1,Gongli lingwang
V653-1,Lingtong tongzi
V653-1,Luo yuanshuai
V653-1,Puji shenghou
V653-1,Qitian dasheng
V653-1,Tiangong
V653-1,Tiangong yuanshuai
V653-1,Yanggong ershi
V653-1,Yanggong taishi
V653-1,Zhu yuanshuai
V653-2,Beidou xingjun
V653-2,Nandou xingjun
V653-2,"Wen, Kang, Ma, Zhao yuanshuai"
V653-3,Baigong daren
V653-3,Jingong daren
V653-3,Lubu dashen
V653-3,Lufu yima
V653-3,Magong daren
V653-3,Penggong
V653-3,Tiangong
V653-3,Tiangong daren
V653-3,Tianqian shengmu
V653-5,Sanguan dadi
V653-5,Shijiamouni
V653-5,Xuantian shangdi
V654-1,Leixian shengjie
V654-1,Zhanggong shengjun
V654-1,Zhong Kui
V655-1,Fude zhengshen
V655-1,Leixian shengjie
V655-1,Li daren
V655-1,Liugong yuanshuai
V655-1,Peng daren
V655-1,Tiangong
V655-1,Tiangong yuanshuai
V655-1,Xuantian shangdi
V655-1,Zhanggong shengjun
V655-1,Zhong Kui
V656-1,Lingya jiangjun
V656-1,Taishang laojun
V656-1,Tiangong
V656-1,Tiangong yuanshuai
V656-1,Zhongtian dasheng
V656-2,Kuidou xingjun
V657-1,Baiya jiangjun
V657-1,Xuantian shangdi
V657-2,Dikui
V657-2,Guan Ping
V657-2,Guansheng dijun
V657-2,Xuantian shangdi
V657-2,Zhou Cang
V657-3,Jialan
V657-3,Weituo
V658-1,"Deng, Wang, Shi zhongjun"
V658-1,Dutian yuanshuai
V658-1,Guogong
V658-1,Heihu jiangjun
V658-1,Liugong yuanshuai
V658-1,Qitian dasheng
V658-1,Taiyi xiangu
V658-1,Tiangong
V658-1,Tiangong yuanshuai
V658-1,Wang zhongjun
V658-1,Zhanggong shengjun
V658-1,Zhong Kui
V658-3,Guogong
V659-1,Baiya jiangjun
V659-1,Dutian yuanshuai
V659-1,Guanyin
V659-1,Guanyin dashi
V659-1,Jixiang miaojiang
V659-1,Jialuo dasheng
V659-1,Kanggong yuanshuai
V659-1,Liming dajiang
V659-1,Liugong yuanshuai
V659-1,Sima shengwang
V659-1,Taiyi xiangu
V659-1,Tiangong
V659-1,Tiangong yuanshuai
V659-1,"Wen, Kang, Ma, Zhao yuanshuai"
V659-1,Xuantan yuanshuai
V659-1,Yangsheng
V659-1,Zhanggong shengjun
V659-1,Zhong Kui
V659-8,Xuantian shangdi
V667-1,Dongxi shizhe
V667-1,Fude zhengshen
V667-1,Guansheng dijun
V667-1,Guanyin
V667-1,Guanyin dashi
V667-1,Houtu furen
V667-1,Jixiang dajiang
V667-1,Jialuo dasheng
V667-1,Jingong shenghou
V667-1,Panguan
V667-1,Wugong dutong
V667-1,Wugong
V667-1,Zhouguang pingwang
V667-1,Zunzhu mingwang
V672-2,Panguan
V675-2,Panguan
V682-4,Sima shengwang
V682-4,Tiangong
V682-4,Tiangong yuanshuai
V684-2,Chen Jinggu
V684-2,Chenghuang dashen
V684-2,Dikui
V684-2,Erye
V684-2,Fude zhengshen
V684-2,Jialuo dasheng
V684-2,Jiang daren
V684-2,Leisheng puhua tianzun
V684-2,Li daren
V684-2,Ma yuanshuai
V684-2,Mazu
V684-2,Qitian dasheng
V684-2,Tianqian shengmu
V684-2,Tianshang shengmu
V684-2,Weituo
V684-2,"Wen, Kang, Ma, Zhao yuanshuai"
V684-2,Xietian dadi
V684-2,Xu daren
V684-2,Xuantian shangdi
V684-2,Zhengyi lingguan
V684-2,Zhusheng dadi
V685-2,Baima yuanshuai
V685-2,Kanggong shengwang
V690-3,Beidou zhongtian dasheng
V690-3,Qitian dasheng
V690-3,Sima shengwang
V690-3,Wang lingguan
V690-3,Xuantan yuanshuai
V690-4,Beidou xingjun
V690-4,Chen Jinggu
V690-4,Nandou xingjun
V690-4,Taishang laojun
V690-4,Wangmu niangniang
V690-4,Zhong Kui
V690-4,Zhusheng dadi
V690-4,Zhuozu zhenren
V691-1,Baiya jiangjun
V691-1,Beidou xingjun
V691-1,Dongxi shizhe
V691-1,Haotian dizi
V691-1,Lufu furen
V691-1,Lufu yima
V691-1,Mamian
V691-1,Nandou xingjun
V691-1,Niutou
V691-1,Qitian dasheng
V691-1,Tiangong
V691-1,Tiangong yuanshuai
V691-1,Xu daren
V691-1,Xuantan yuanshuai
V691-1,Xuantian shangdi
V691-1,Zhanggong shengjun
V691-1,Zhang Sanfeng
V691-1,Zhong Kui
V692-1,Heshi jiuxian
V692-1,Liu Jin shenghou
V692-1,"Wen, Kang, Ma, Zhao yuanshuai"
V693-2,Qitian dasheng
V693-2,Zhanggong shengjun
V693-2,Zhong Kui
V695-2,Guansheng dijun
V695-2,Guanyin
V695-2,Guanyin dashi
V695-2,Taishang laojun
V695-2,Tianshang shengmu
V696-1,Kuidou xingjun
V697-1,Fenghuo ertong
V697-1,Heshi jiuxian
V697-1,Hufa longtian
V697-1,Li jiangjun
V697-1,Ma yuanshuai
V697-1,"Wen, Kang, Ma, Zhao yuanshuai"
V697-1,Xuantian shangdi
V697-1,Zhang Sanfeng
V700-1,Qitian dasheng
V700-1,Sanfeng zhenren
V700-1,Tiangong
V700-1,Tiangong yuanshuai
V700-1,Zhanggong shengjun
V700-1,Zhong Kui
V701-1,Guanyin
V701-1,Guanyin dashi
V701-1,Lingya zhongjun
V701-1,Lufu yima
V701-1,Qitian dasheng
V701-1,Tiangong
V701-1,Tiangong yuanshuai
V701-1,Xuantan yuanshuai
V701-1,Zhang daren
V701-1,Zhanggong shengjun
V701-1,Zhong Kui
V702-1,Baiya jiangjun
V702-1,Ciji zhenjun
V702-1,Daye
V702-1,Erye
V702-1,Fenghuo ertong
V702-1,Haotian dizi
V702-1,Jialuo dasheng
V702-1,Liugong yuanshuai
V702-1,Taiyi xiangu
V702-1,Tiangong
V702-1,Tiangong yuanshuai
V702-1,Wuxian dadi
V702-1,Zhong Kui
V703-1,Jialuo dasheng
V703-1,Lingguan dadi
V703-1,Liugong yuanshuai
V703-1,Qitian dasheng
V703-1,Taiyi xiangu
V703-1,Zhanggong shengjun
V703-1,Zhong Kui
V704-1,Jialuo dasheng
V704-1,Liugong yuanshuai
V704-1,Qitian dasheng
V704-1,Taiyi xiangu
V704-1,Zhanggong shengjun
V704-1,Zhong Kui
V709-1,Falu dutong
V709-1,Lei Wanchun
V709-1,Sandian zhenjun
V709-1,Sima shengwang
V709-1,Wuan shengwang
V709-1,Yongquan zushi
V709-1,Zhongtian dasheng
V710-1,Jialuo dasheng
V710-1,Lingya zhongjun
V710-1,Liugong yuanshuai
V710-1,Oushi xiangu
V710-1,Sima shengwang
V710-1,Tiangong
V710-1,Tiangong yuanshuai
V710-1,Zhanggong shengjun
V710-1,Zhong Kui
V713-1,Baiya jiangjun
V713-1,Baosong furen
V713-1,Qitian dasheng
V713-1,Tiangong
V713-1,Tiangong yuanshuai
V713-1,Xuantian shangdi
V713-1,Zhanggong shengjun
V713-1,Zhong Kui
V715-1,Jialuo dasheng
V715-1,Qitian dasheng
V715-1,Xuantian shangdi
V716-1,Guangze zunwang
V716-1,Jixiang dajiang
V716-1,Qitian dasheng
V716-1,Tiangong
V716-1,Tiangong yuanshuai
V716-1,Yanggong taishi
V716-1,Zhanggong shengjun
V716-1,Zhong Kui
V716-2,Beidou xingjun
V716-2,Nandou xingjun
V717-1,Qitian dasheng
V717-1,Tianshang shengmu
V718-1,Anling shenggong
V718-1,Baiya jiangjun
V718-1,Qitian dasheng
V718-1,Qiugong shenghou
V718-1,Tiangong
V718-1,Tiangong yuanshuai
V718-1,Zhanggong shengjun
V718-1,Zhong Kui
V719-1,Dutian yuanshuai
V719-1,Guangze zunwang
V719-1,Lubu dashen
V719-1,Qitian dasheng
V719-1,Tiangong
V719-1,Tianqian shengmu
V719-1,Zhanggong shengjun
V719-1,Zhong Kui
V720-1,Qitian dasheng
V720-1,Tiangong
V720-1,Tiangong yuanshuai
V720-1,Zhanggong shengjun
V720-1,Zhong Kui
V720-3,Chen Jinggu
V720-3,Lubu dashen
V720-3,Lufu yima
V720-3,Tiegong taishi
V721-2,Qitian dasheng
V721-2,Qiye
V721-2,Tianqian shengmu
V722-1,Ciji zhenjun
V722-1,Dutian yuanshuai
V722-1,Fude zhengshen
V722-1,Tianshang shengmu
V722-2,Beidou xingjun
V722-3,Sanguan dadi
V722-3,Wang lingguan
V723-1,Dutian yuanshuai
V723-1,Liugong yuanshuai
V723-1,Zhanggong shengjun
V723-1,Zhong Kui
V724-1,Ciji zhenjun
V724-1,Dutian yuanshuai
V724-1,Fude zhengshen
V724-1,Heihu dashen
V724-1,Liugong yuanshuai
V724-1,Qitian dasheng
V724-1,Taiyi xiangu
V724-1,Tianshang shengmu
V724-1,Zhanggong shengjun
V724-1,Zhong Kui
