UID,Name,Name_zh,Alliance,Alliance_UID,Alliance_zh,Irrigation_Region
V001,Beitou,陂头,Beitou sishê (Beitou four shê ritual alliance),A001,陂头四社,Southern
V002,Wumen,吴门,Beitou sishê (Beitou four shê ritual alliance),A001,陂头四社,Southern
V003,Baiyuling,白玉岭,Beitou sishê (Beitou four shê ritual alliance),A001,陂头四社,Southern
V004,Tiezao,铁灶,Beitou sishê (Beitou four shê ritual alliance),A001,陂头四社,Southern
V005,Longqian,龙前,Hengshan sicun (Hengshan four village ritual alliance),A002,横山四村,Southern
V006,Puzi,莆仔,Hengshan sicun (Hengshan four village ritual alliance),A002,横山四村,Southern
V007,Shanghengshan,上横山,Hengshan sicun (Hengshan four village ritual alliance),A002,横山四村,Southern
V008,Xiahengshan,下横山,Hengshan sicun (Hengshan four village ritual alliance),A002,横山四村,Southern
V009,Qingcha,青垞,Goukou qijing (Goukou sevenfold ritual alliance),A003,沟口七境,Southern
V010,Yunzhuang,云庄,Goukou qijing (Goukou sevenfold ritual alliance),A003,沟口七境,Southern
V011,Goukou,沟口,Goukou qijing (Goukou sevenfold ritual alliance),A003,沟口七境,Southern
V012,Goudong,沟东,Goukou qijing (Goukou sevenfold ritual alliance),A003,沟口七境,Southern
V013,Gouxi,沟西,Goukou qijing (Goukou sevenfold ritual alliance),A003,沟口七境,Southern
V014,Qiandun,前敦,Goukou qijing (Goukou sevenfold ritual alliance),A003,沟口七境,Southern
V015,Zhongdun,中墩,Goukou qijing (Goukou sevenfold ritual alliance),A003,沟口七境,Southern
V016,Houdun,后墩,Goukou qijing (Goukou sevenfold ritual alliance),A003,沟口七境,Southern
V017,Houmian,后面,Zhengban qijing (Zhengban sevenfold ritual alliance),A004,郑阪七境,Southern
V018,Dingcuo,顶厝,Zhengban qijing (Zhengban sevenfold ritual alliance),A004,郑阪七境,Southern
V019,Xiacuo,下厝,Zhengban qijing (Zhengban sevenfold ritual alliance),A004,郑阪七境,Southern
V020,Gouxia,沟下,Zhengban qijing (Zhengban sevenfold ritual alliance),A004,郑阪七境,Southern
V021,Xiwei,西尾,Zhengban qijing (Zhengban sevenfold ritual alliance),A004,郑阪七境,Southern
V022,Cangtou,苍头,Zhengban qijing (Zhengban sevenfold ritual alliance),A004,郑阪七境,Southern
V023,Getou,隔头,Zhengban qijing (Zhengban sevenfold ritual alliance),A004,郑阪七境,Southern
V024,Nanwutang,南梧塘,Hutang wucun (Hutang five village ritual alliance),A005,梧塘五村,Southern
V025,Xiaqutou,下渠头,Hutang wucun (Hutang five village ritual alliance),A005,梧塘五村,Southern
V026,Dongting,东亭,Hutang wucun (Hutang five village ritual alliance),A005,梧塘五村,Southern
V027,Tangdong,塘东,Hutang wucun (Hutang five village ritual alliance),A005,梧塘五村,Southern
V028,Houliao,后廖,Hutang wucun (Hutang five village ritual alliance),A005,梧塘五村,Southern
V029,Xiadun,下墩,Jindun qijing (Jindun sevenfold ritual alliance),A006,锦墩七境,Southern
V030,Quqiao,渠桥,Jindun qijing (Jindun sevenfold ritual alliance),A006,锦墩七境,Southern
V031,Dongling,东岭,Jindun qijing (Jindun sevenfold ritual alliance),A006,锦墩七境,Southern
V032,Tangbian,塘边,Jindun qijing (Jindun sevenfold ritual alliance),A006,锦墩七境,Southern
V033,Dubian,度边,Jindun qijing (Jindun sevenfold ritual alliance),A006,锦墩七境,Southern
V034,Xiangkou,巷口,Jindun qijing (Jindun sevenfold ritual alliance),A006,锦墩七境,Southern
V035,Houting,后亭,Jindun qijing (Jindun sevenfold ritual alliance),A006,锦墩七境,Southern
V036,Zhenwei,圳尾,Jindun qijing (Jindun sevenfold ritual alliance),A006,锦墩七境,Southern
V037,Yangwei,洋尾,Xidong sancun (Xidong three village ritual alliance),A007,溪东三村,Southern
V038,Xidong,溪东,Xidong sancun (Xidong three village ritual alliance),A007,溪东三村,Southern
V039,Dongba,东坝,Xidong sancun (Xidong three village ritual alliance),A007,溪东三村,Southern
V040,Xiquantou,溪泉头,Xinxi sancun (Xinxi three village ritual alliance),A008,新溪三村,Southern
V041,Sanshê,三社,Xinxi sancun (Xinxi three village ritual alliance),A008,新溪三村,Southern
V042,Daili,埭里,Xinxi sancun (Xinxi three village ritual alliance),A008,新溪三村,Southern
V043,Buyun,步云,Buyun ershê (Buyun two shê ritual alliance),A009,步云二村,Southern
V044,Baicheng,白埕,Baicheng qijing (Baicheng sevenfold ritual alliance),A010,白埕七境,Southern
V045,Qianmian,前面,Baicheng qijing (Baicheng sevenfold ritual alliance),A010,白埕七境,Southern
V046,Qubian,屈边,Baicheng qijing (Baicheng sevenfold ritual alliance),A010,白埕七境,Southern
V047,Houshê,后社,Baicheng qijing (Baicheng sevenfold ritual alliance),A010,白埕七境,Southern
V048,Houdai,后埭,Baicheng qijing (Baicheng sevenfold ritual alliance),A010,白埕七境,Southern
V049,Yuanding,园顶,Baicheng qijing (Baicheng sevenfold ritual alliance),A010,白埕七境,Southern
V050,Puwei,浦尾,Baicheng qijing (Baicheng sevenfold ritual alliance),A010,白埕七境,Southern
V051,Houzhou,后周,Zhangjiang bashê (Zhangjiang eight shê ritual alliance),A011,章江八社,Southern
V052,Houpeng,后彭,Zhangjiang bashê (Zhangjiang eight shê ritual alliance),A011,章江八社,Southern
V053,Houhu,后湖,Zhangjiang bashê (Zhangjiang eight shê ritual alliance),A011,章江八社,Southern
V054,Qianhu,前湖,Zhangjiang bashê (Zhangjiang eight shê ritual alliance),A011,章江八社,Southern
V055,Huibi,灰壁,Zhangjiang bashê (Zhangjiang eight shê ritual alliance),A011,章江八社,Southern
V056,Xicuo,西厝,Zhangjiang bashê (Zhangjiang eight shê ritual alliance),A011,章江八社,Southern
V057,Beicuo,北厝,Zhangjiang bashê (Zhangjiang eight shê ritual alliance),A011,章江八社,Southern
V058,尾厝,Weicuo,Zhangjiang bashê (Zhangjiang eight shê ritual alliance),A011,章江八社,Southern
V059,Houting,后亭,Xindu jiushê (Xindu nine shê ritual alliance),A012,新度九社,Southern
V060,Dubian,度边,Xindu jiushê (Xindu nine shê ritual alliance),A012,新度九社,Southern
V061,Dongdian,东店,Xindu jiushê (Xindu nine shê ritual alliance),A012,新度九社,Southern
V062,Sanjiaozeng,三角曾,Xindu jiushê (Xindu nine shê ritual alliance),A012,新度九社,Southern
V063,Cuobing,厝柄,Cuobing sishê (four shê ritual alliance of Cuobing),A013,厝柄四社,Southern
V064,Goucen,沟岑,Puban qijing (Puban sevenfold ritual of alliance),A014,蒲阪七境,Southern
V065,Houzheng,后郑,Puban qijing (Puban sevenfold ritual of alliance),A014,蒲阪七境,Southern
V066,Houdai,后戴,Puban qijing (Puban sevenfold ritual of alliance),A014,蒲阪七境,Southern
V067,Goudong,沟东,Puban qijing (Puban sevenfold ritual of alliance),A014,蒲阪七境,Southern
V068,Shangdun,上墩,Puban qijing (Puban sevenfold ritual of alliance),A014,蒲阪七境,Southern
V069,腰沟,Yaogou,Puban qijing (Puban sevenfold ritual of alliance),A014,蒲阪七境,Southern
V070,Peiwei,沛尾,Puban qijing (Puban sevenfold ritual of alliance),A014,蒲阪七境,Southern
V071,Xijiao,西角,Puban qijing (Puban sevenfold ritual of alliance),A014,蒲阪七境,Southern
V072,Zhongjing,中境,Xiaban qijing (Xiaban sevenfold ritual alliance),A015,下阪七境,Southern
V073,Xiahe,下何,Xiaban qijing (Xiaban sevenfold ritual alliance),A015,下阪七境,Southern
V074,Huangcuoli,黄厝里,Xiaban qijing (Xiaban sevenfold ritual alliance),A015,下阪七境,Southern
V075,Houxiang,后巷,Xiaban qijing (Xiaban sevenfold ritual alliance),A015,下阪七境,Southern
V076,Dalu,大路,Xiaban qijing (Xiaban sevenfold ritual alliance),A015,下阪七境,Southern
V077,Shanping,山坪,Xiaban qijing (Xiaban sevenfold ritual alliance),A015,下阪七境,Southern
V078,Hongshan,红山,Xiaban qijing (Xiaban sevenfold ritual alliance),A015,下阪七境,Southern
V079,Shanxiang,善乡,Shanxiang sijia (The four jia ritual alliance of Shanxiang),A016,善乡四甲,Southern
V080,Dingcuo,顶厝,Dongjiao liucun (Dongjiao six village ritual alliance),A017,东郊六村,Southern
V081,Dingsong,顶宋,Dongjiao liucun (Dongjiao six village ritual alliance),A017,东郊六村,Southern
V082,Xiasong,下宋,Dongjiao liucun (Dongjiao six village ritual alliance),A017,东郊六村,Southern
V083,Xili,西利,Dongjiao liucun (Dongjiao six village ritual alliance),A017,东郊六村,Southern
V084,Xiating,下亭,Dongjiao liucun (Dongjiao six village ritual alliance),A017,东郊六村,Southern
V085,Houli,后利,Dongjiao liucun (Dongjiao six village ritual alliance),A017,东郊六村,Southern
V086,hangqiao,樟桥,Zhangqiao sanjia (Zhangqiao three jia ritual alliance),A018,樟桥三甲,Southern
V087,Yangcheng,洋埕,Yangcheng qijing (Yangcheng sevenfold ritual alliance),A019,洋埕七境,Southern
V088,Qiantang,钱塘,Qiantang qijing (Qiantang sevenfold ritual alliance),A020,钱塘七境,Southern
V089,Lingding,岭顶,Qiantang qijing (Qiantang sevenfold ritual alliance),A020,钱塘七境,Southern
V090,Houxu,后许,Qiantang qijing (Qiantang sevenfold ritual alliance),A020,钱塘七境,Southern
V091,Houyuan,后院,Qiantang qijing (Qiantang sevenfold ritual alliance),A020,钱塘七境,Southern
V092,Huangyuan,黄园,Qiantang qijing (Qiantang sevenfold ritual alliance),A020,钱塘七境,Southern
V093,Xiazhuang,下庄,Qiantang qijing (Qiantang sevenfold ritual alliance),A020,钱塘七境,Southern
V094,Shangkeng,上坑,Qiantang qijing (Qiantang sevenfold ritual alliance),A020,钱塘七境,Southern
V095,Tangtou,塘头,Shuinan sicun (Shuinan four village riutal alliance),A021,水南四村,Southern
V096,Dongzhu,东洙,Shuinan sicun (Shuinan four village riutal alliance),A021,水南四村,Southern
V097,Lukeng,卢坑,Shuinan sicun (Shuinan four village riutal alliance),A021,水南四村,Southern
V098,Shandou,山兜,Shuinan sicun (Shuinan four village riutal alliance),A021,水南四村,Southern
V099,Yaotai,瑶台,Yaotai sanjia (Yaotai three jia ritual alliance),A022,瑶台三甲,Southern
V100,Dingzhuang,定庄,Fengshan liucun (Fengshan six village ritual alliance),A023,凤山六村,Southern
V101,Changchuan,长川,Fengshan liucun (Fengshan six village ritual alliance),A023,凤山六村,Southern
V102,Xiaban,下阪,Fengshan liucun (Fengshan six village ritual alliance),A023,凤山六村,Southern
V103,Tiancuo,田厝,Fengshan liucun (Fengshan six village ritual alliance),A023,凤山六村,Southern
V104,Shangyuanqian,上院前,Fengshan liucun (Fengshan six village ritual alliance),A023,凤山六村,Southern
V100,定庄,1.,Fengshan liucun (Fengshan six village ritual alliance),A023,凤山六村,Southern
V101,Changchuan,长川,Fengshan liucun (Fengshan six village ritual alliance),A023,凤山六村,Southern
V102,Xiaban,下阪,Fengshan liucun (Fengshan six village ritual alliance),A023,凤山六村,Southern
V014,Tiancuo,田厝,Goukou qijing (Goukou sevenfold ritual alliance),A003,沟口七境,Southern
V105,Xiayuanqian,下院前,Fengshan liucun (Fengshan six village ritual alliance),A023,凤山六村,Southern
V106,Guiling,桂岭,Huangshi bashê (Huangshi eight shê ritual alliance),A024,黄石八社,Southern
V107,Tingxia,亭下,Huangshi bashê (Huangshi eight shê ritual alliance),A024,黄石八社,Southern
V108,Dongjing,东井,Huangshi bashê (Huangshi eight shê ritual alliance),A024,黄石八社,Southern
V109,Tangwei,塘尾,Huangshi bashê (Huangshi eight shê ritual alliance),A024,黄石八社,Southern
V110,Shuyuankou,书院口,Huangshi bashê (Huangshi eight shê ritual alliance),A024,黄石八社,Southern
V111,Shixia,市下,Huangshi bashê (Huangshi eight shê ritual alliance),A024,黄石八社,Southern
V112,Shuangxingjing,双星井,Huangshi bashê (Huangshi eight shê ritual alliance),A024,黄石八社,Southern
V113,Anxing,安兴,Huangshi bashê (Huangshi eight shê ritual alliance),A024,黄石八社,Southern
V114,Qiaotou,桥头,Shaban qijing (Shaban sevenfold ritual alliance),A025,沙阪七境,Southern
V115,Xicuo,西厝,Shaban qijing (Shaban sevenfold ritual alliance),A025,沙阪七境,Southern
V116,Bantou,阪头,Shaban qijing (Shaban sevenfold ritual alliance),A025,沙阪七境,Southern
V117,Shêqian,社前,Shaban qijing (Shaban sevenfold ritual alliance),A025,沙阪七境,Southern
V118,Shuxia,树下,Shaban qijing (Shaban sevenfold ritual alliance),A025,沙阪七境,Southern
V119,Tianba,田坝,Shaban qijing (Shaban sevenfold ritual alliance),A025,沙阪七境,Southern
V120,Jindun,金墩,Shaban qijing (Shaban sevenfold ritual alliance),A025,沙阪七境,Southern
V121,Longdu,龙渡,Shaban qijing (Shaban sevenfold ritual alliance),A025,沙阪七境,Southern
V122,Wucheng,吾埕,Dengying wucun (Dengying five village ritual alliance),A026,登瀛五村,Southern
V123,Chengwei,埕尾,Dengying wucun (Dengying five village ritual alliance),A026,登瀛五村,Southern
V124,Kengbing,坑柄,Dengying wucun (Dengying five village ritual alliance),A026,登瀛五村,Southern
V125,Keli,珂里,Dengying wucun (Dengying five village ritual alliance),A026,登瀛五村,Southern
V126,Xiahu,下湖,Dengying wucun (Dengying five village ritual alliance),A026,登瀛五村,Southern
V127,Qingzhong,清中,Qingjiang Sancun (Qingjiang three village ritual alliance),A027,清江三村,Southern
V128,Qinghou,清后,Qingjiang Sancun (Qingjiang three village ritual alliance),A027,清江三村,Southern
V129,Qingqian,清前,Qingjiang Sancun (Qingjiang three village ritual alliance),A027,清江三村,Southern
V130,Xihong,西洪,Xihong liushê (Xihong six shê riutal alliance),A028,西洪六社,Southern
V131,Qiaodou,桥兜,Qiaodou wucun (Qiaodou five village ritual alliance),A029,桥兜五村,Southern
V132,Xiajiangtou,下江头,Qiaodou wucun (Qiaodou five village ritual alliance),A029,桥兜五村,Southern
V133,Xiadai,下埭,Qiaodou wucun (Qiaodou five village ritual alliance),A029,桥兜五村,Southern
V134,Xili,西利,Qiaodou wucun (Qiaodou five village ritual alliance),A029,桥兜五村,Southern
V135,Yudai,余埭,Qiaodou wucun (Qiaodou five village ritual alliance),A029,桥兜五村,Southern
V136,Lindun,林墩,Lindun sancun (Lindun three village ritual alliance),A030,林墩三村,Southern
V137,Jiangxi,江西,Lindun sancun (Lindun three village ritual alliance),A030,林墩三村,Southern
V138,Longhua,龙华,Lindun sancun (Lindun three village ritual alliance),A030,林墩三村,Southern
V139,Jiangdong,江东,Jiangdong shiershê (Jiangdong twelve shê ritual alliance),A031,江东十二社,Southern
V140,Haibin,海滨,Haibin wujia (Haibin five jia riutal alliance),A032,海滨五甲,Southern
V141,Zhelang,遮浪,Zhelang sanjia (Zhelang three jia ritual alliance),A033,遮浪三甲,Southern
V142,Huadi,华堤,Donghua sancun (Donghua three village ritual alliance),A034,东华三村,Southern
V143,Huazhong,华中,Donghua sancun (Donghua three village ritual alliance),A034,东华三村,Southern
V144,Huadong,华东,Donghua sancun (Donghua three village ritual alliance),A034,东华三村,Southern
V145,Jingpu,井埔,Jingpu wushê (Jingpu five shê ritual alliance),A035,井埔五社,Southern
V146,Houzhu,后洙,Jingpu wushê (Jingpu five shê ritual alliance),A035,井埔五社,Southern
V147,Tadou,塔兜,Jingpu wushê (Jingpu five shê ritual alliance),A035,井埔五社,Southern
V148,Changkeng,长坑,Yuanyong wucun (Yuanyong five village ritual alliance),A036,员永五村,Southern
V149,Wulong,五龙,Yuanyong wucun (Yuanyong five village ritual alliance),A036,员永五村,Southern
V150,Goubian,沟边,Yuanyong wucun (Yuanyong five village ritual alliance),A036,员永五村,Southern
V151,Daomei,道美,Yuanyong wucun (Yuanyong five village ritual alliance),A036,员永五村,Southern
V152,Wuxiang,梧巷,Tangxia shisanxiang (Tangxia Thirteen village ritual alliance),A037,塘下十三乡,Southern
V153,Dongzhang,东张,Tangxia shisanxiang (Tangxia Thirteen village ritual alliance),A037,塘下十三乡,Southern
V154,Xizhang,西张,Tangxia shisanxiang (Tangxia Thirteen village ritual alliance),A037,塘下十三乡,Southern
V155,Zhucuo,朱厝,Tangxia shisanxiang (Tangxia Thirteen village ritual alliance),A037,塘下十三乡,Southern
V156,Xigou,西沟,Tangxia shisanxiang (Tangxia Thirteen village ritual alliance),A037,塘下十三乡,Southern
V157,Xiyuan,西园,Tangxia shisanxiang (Tangxia Thirteen village ritual alliance),A037,塘下十三乡,Southern
V158,Kangcuo,康厝,Tangxia shisanxiang (Tangxia Thirteen village ritual alliance),A037,塘下十三乡,Southern
V159,Wucuo,吴厝,Tangxia shisanxiang (Tangxia Thirteen village ritual alliance),A037,塘下十三乡,Southern
V160,Shanqianzi,山前仔,Tangxia shisanxiang (Tangxia Thirteen village ritual alliance),A037,塘下十三乡,Southern
V161,Huiyang,惠洋,Huiyang bashê (Huiyang eight shê ritual alliance),A038,惠洋八社,Southern
V162,Dongdai,东埭),Dongdai liujia (Dongjia six jia ritual alliance),A039,东埭六甲,Southern
V163,Jinshan,金山,Jinshan sijia (Jinshan four jia ritual alliance),A040,金山四甲,Southern
V164,Dongjia,东甲,Dongjia sijia (Dongjia four jia ritual alliance),A041,东甲四甲,Southern
V165,Shangzou,上邹,Dongshan sishé (Dongshan four shê ritual alliance),A042,东山四社,Southern
V166,Xiazou,下邹,Dongshan sishé (Dongshan four shê ritual alliance),A042,东山四社,Southern
V167,Dongcuo,东厝,Dongshan sishé (Dongshan four shê ritual alliance),A042,东山四社,Southern
V168,Zhengcuo,郑厝,Dongshan sishé (Dongshan four shê ritual alliance),A042,东山四社,Southern
V169,Dounan,斗南,Dounan wushê (Dounan five shê ritual alliance),A043,斗南五社,Southern
V170,Pingshan,屏山),Pingshan wushê (Pingshan five shê ritual alliance),A044,屏山五社,Southern
V171,Dongxiang,东乡,Houji qijing (Houji sevenfold ritual alliance),A045,后积七境,Southern
V172,Houji,后积,Houji qijing (Houji sevenfold ritual alliance),A045,后积七境,Southern
V173,Qicuo,歧厝,Houji qijing (Houji sevenfold ritual alliance),A045,后积七境,Southern
V174,Yangbian,洋边,Houji qijing (Houji sevenfold ritual alliance),A045,后积七境,Southern
V175,Qianchengkou,前程口,Houji qijing (Houji sevenfold ritual alliance),A045,后积七境,Southern
V176,Louxia,楼下,Houji qijing (Houji sevenfold ritual alliance),A045,后积七境,Southern
V177,Houchengkou,后程口,Houji qijing (Houji sevenfold ritual alliance),A045,后积七境,Southern
V178,Chengbian,埕边,Chengyang qijing (Chengyang sevenfold ritual alliance),A046,呈洋七境,Southern
V179,Xiachen,下陈,Chengyang qijing (Chengyang sevenfold ritual alliance),A046,呈洋七境,Southern
V180,Gouge,沟戈,Chengyang qijing (Chengyang sevenfold ritual alliance),A046,呈洋七境,Southern
V181,Matou,码头,Chengyang qijing (Chengyang sevenfold ritual alliance),A046,呈洋七境,Southern
V182,Fangjing,坊井,Chengyang qijing (Chengyang sevenfold ritual alliance),A046,呈洋七境,Southern
V183,Shecuo,社厝,Chengyang qijing (Chengyang sevenfold ritual alliance),A046,呈洋七境,Southern
V184,Beigao,北高,Chengyang qijing (Chengyang sevenfold ritual alliance),A046,呈洋七境,Southern
V185,Shangkengyuan,上坑园,Kengyuan jiucun (Kengyuan nine village ritual alliance),A047,坑园九村,Southern
V186,Xiakengyuan,下坑园,Kengyuan jiucun (Kengyuan nine village ritual alliance),A047,坑园九村,Southern
V187,Dongdu,东渡,Kengyuan jiucun (Kengyuan nine village ritual alliance),A047,坑园九村,Southern
V188,Lingtou,岭头,Kengyuan jiucun (Kengyuan nine village ritual alliance),A047,坑园九村,Southern
V189,Muqian,墓前,Kengyuan jiucun (Kengyuan nine village ritual alliance),A047,坑园九村,Southern
V190,Shangyuanhou,上院后,Kengyuan jiucun (Kengyuan nine village ritual alliance),A047,坑园九村,Southern
V191,Xiayuanhou,下院后,Kengyuan jiucun (Kengyuan nine village ritual alliance),A047,坑园九村,Southern
V192,Qiandun,前墩,Kengyuan jiucun (Kengyuan nine village ritual alliance),A047,坑园九村,Southern
V193,Zhengtang,郑塘,Zhengtang wushê (Zhengtang five shê ritual alliance),A048,郑塘五社,Southern
V194,Songmu,宋墓,Zhukeng qijing (Zhukeng sevenfold ritual alliance),A049,珠坑七境,Southern
V195,Shantou,山头,Zhukeng qijing (Zhukeng sevenfold ritual alliance),A049,珠坑七境,Southern
V196,Chuandu,船渡,Zhukeng qijing (Zhukeng sevenfold ritual alliance),A049,珠坑七境,Southern
V197,Lantian,蓝田,Lantian shibaxiang (Lantian eighteen village ritual alliance),A050,蓝田十八乡,Southern
V198,Houhu,后湖,Lantian shibaxiang (Lantian eighteen village ritual alliance),A050,蓝田十八乡,Southern
V199,Guanpu,官埔,Lantian shibaxiang (Lantian eighteen village ritual alliance),A050,蓝田十八乡,Southern
V200,Xiazheng,下郑,Lantian shibaxiang (Lantian eighteen village ritual alliance),A050,蓝田十八乡,Southern
V201,Shangxin,上辛,Lantian shibaxiang (Lantian eighteen village ritual alliance),A050,蓝田十八乡,Southern
V202,Zhengjing,郑井,Lantian shibaxiang (Lantian eighteen village ritual alliance),A050,蓝田十八乡,Southern
V203,Xiaketang,下可塘,Lantian shibaxiang (Lantian eighteen village ritual alliance),A050,蓝田十八乡,Southern
V204,Shangketang,上可塘,Lantian shibaxiang (Lantian eighteen village ritual alliance),A050,蓝田十八乡,Southern
V205,Dingxi,顶溪,Lantian shibaxiang (Lantian eighteen village ritual alliance),A050,蓝田十八乡,Southern
V206,Laizhai,濑宅,Lantian shibaxiang (Lantian eighteen village ritual alliance),A050,蓝田十八乡,Southern
V207,Caomang,草莽,Lantian shibaxiang (Lantian eighteen village ritual alliance),A050,蓝田十八乡,Southern
V208,Sutang,苏塘,Lantian shibaxiang (Lantian eighteen village ritual alliance),A050,蓝田十八乡,Southern
V209,Xinxu,新徐,Lantian shibaxiang (Lantian eighteen village ritual alliance),A050,蓝田十八乡,Southern
V210,Jiuxu,旧徐,Lantian shibaxiang (Lantian eighteen village ritual alliance),A050,蓝田十八乡,Southern
V211,Mubing,墓柄,Lantian shibaxiang (Lantian eighteen village ritual alliance),A050,蓝田十八乡,Southern
V212,Shidou,石兜,Lantian shibaxiang (Lantian eighteen village ritual alliance),A050,蓝田十八乡,Southern
V213,Chencuo,陈厝,Hushi sanshiliujia (Hushi thirty-six jia ritual alliance),A051,笏石三十六甲,Southern
V214,Wucuo,吴厝,Hushi sanshiliujia (Hushi thirty-six jia ritual alliance),A051,笏石三十六甲,Southern
V215,Houhuang,后黄,Hushi sanshiliujia (Hushi thirty-six jia ritual alliance),A051,笏石三十六甲,Southern
V216,Houjing,后井,Hushi sanshiliujia (Hushi thirty-six jia ritual alliance),A051,笏石三十六甲,Southern
V217,Daqiu,大丘,Hushi sanshiliujia (Hushi thirty-six jia ritual alliance),A051,笏石三十六甲,Southern
V218,Fulushan,福禄山,Hushi sanshiliujia (Hushi thirty-six jia ritual alliance),A051,笏石三十六甲,Southern
V219,Linbing,林柄,Hushi sanshiliujia (Hushi thirty-six jia ritual alliance),A051,笏石三十六甲,Southern
V220,Dingshê,顶社,Hushi sanshiliujia (Hushi thirty-six jia ritual alliance),A051,笏石三十六甲,Southern
V221,Beipu,北埔,Hushi sanshiliujia (Hushi thirty-six jia ritual alliance),A051,笏石三十六甲,Southern
V222,Shangbabian,上坝边,Hushi xiashisixiang (Hushi lower fourteen village ritual alliance),A052,笏石下十四乡,Southern
V223,Xiababian,下坝边,Hushi xiashisixiang (Hushi lower fourteen village ritual alliance),A052,笏石下十四乡,Southern
V224,Tianyang,田洋,Hushi xiashisixiang (Hushi lower fourteen village ritual alliance),A052,笏石下十四乡,Southern
V225,Cangdian,苍店,Hushi xiashisixiang (Hushi lower fourteen village ritual alliance),A052,笏石下十四乡,Southern
V226,Xiadian,下店,Hushi xiashisixiang (Hushi lower fourteen village ritual alliance),A052,笏石下十四乡,Southern
V227,Lincuo,林厝,Hushi xiashisixiang (Hushi lower fourteen village ritual alliance),A052,笏石下十四乡,Southern
V228,Dongjin,东津,Hushi xiashisixiang (Hushi lower fourteen village ritual alliance),A052,笏石下十四乡,Southern
V229,Shanding,山顶,Hushi xiashisixiang (Hushi lower fourteen village ritual alliance),A052,笏石下十四乡,Southern
V230,Kengwei,坑尾,Hushi xiashisixiang (Hushi lower fourteen village ritual alliance),A052,笏石下十四乡,Southern
V231,Dongzhuo,东卓,Hushi xiashisixiang (Hushi lower fourteen village ritual alliance),A052,笏石下十四乡,Southern
V232,Xizhuo,西卓,Hushi xiashisixiang (Hushi lower fourteen village ritual alliance),A052,笏石下十四乡,Southern
V233,Huanglin,黄林,Hushi xiashisixiang (Hushi lower fourteen village ritual alliance),A052,笏石下十四乡,Southern
V234,Yuntang,云塘,Hushi xiashisixiang (Hushi lower fourteen village ritual alliance),A052,笏石下十四乡,Southern
V235,Xucuo,徐厝,Hushi shangshibaxiang (Hushi upper fourteen village ritual alliance),A053,笏石上十四乡,Southern
V236,Songting,松亭,Hushi shangshibaxiang (Hushi upper fourteen village ritual alliance),A053,笏石上十四乡,Southern
V237,Houshê,后社,Hushi shangshibaxiang (Hushi upper fourteen village ritual alliance),A053,笏石上十四乡,Southern
V238,Linkeng,林坑,Hushi shangshibaxiang (Hushi upper fourteen village ritual alliance),A053,笏石上十四乡,Southern
V239,Dengaotou,登鳌头,Hushi shangshibaxiang (Hushi upper fourteen village ritual alliance),A053,笏石上十四乡,Southern
V240,Yuanqian,院前,Hushi shangshibaxiang (Hushi upper fourteen village ritual alliance),A053,笏石上十四乡,Southern
V241,Qianzheng,前郑,Hushi shangshibaxiang (Hushi upper fourteen village ritual alliance),A053,笏石上十四乡,Southern
V242,Xijin,西津,Hushi shangshibaxiang (Hushi upper fourteen village ritual alliance),A053,笏石上十四乡,Southern
V243,Yangshan,杨山,Hushi shangshibaxiang (Hushi upper fourteen village ritual alliance),A053,笏石上十四乡,Southern
V244,Chicen,赤岑,Hushi shangshibaxiang (Hushi upper fourteen village ritual alliance),A053,笏石上十四乡,Southern
V245,Xicai,西蔡,Hushi shangshibaxiang (Hushi upper fourteen village ritual alliance),A053,笏石上十四乡,Southern
V246,Lingxi,岭下,Hushi shangshibaxiang (Hushi upper fourteen village ritual alliance),A053,笏石上十四乡,Southern
V247,Qianlin,前林,Hushi shangshibaxiang (Hushi upper fourteen village ritual alliance),A053,笏石上十四乡,Southern
V248,Shanglin,上林,Hushi shangshibaxiang (Hushi upper fourteen village ritual alliance),A053,笏石上十四乡,Southern
V249,Dapu,大埔,Hushi shangshibaxiang (Hushi upper fourteen village ritual alliance),A053,笏石上十四乡,Southern
V250,Xiawei,下尾,Hushi shangshibaxiang (Hushi upper fourteen village ritual alliance),A053,笏石上十四乡,Southern
V251,Dinggu,定固,Hushi shangshibaxiang (Hushi upper fourteen village ritual alliance),A053,笏石上十四乡,Southern
V252,Houzhu,后洙,Hushi shangshibaxiang (Hushi upper fourteen village ritual alliance),A053,笏石上十四乡,Southern
V253,Xishan,西山,Xishan sancun (Xishan three village ritual alliance),A054,西山三村,Southern
V254,Bitou,泌头,Xishan sancun (Xishan three village ritual alliance),A054,西山三村,Southern
V255,Shandou,山兜,Xishan sancun (Xishan three village ritual alliance),A054,西山三村,Southern
V256,Dongpuyu,东埔余,Niushan qijing (Niushan sevenfold ritual alliance),A055,牛山七境,Southern
V257,Yicuo,蚁厝,Niushan qijing (Niushan sevenfold ritual alliance),A055,牛山七境,Southern
V258,Houdong,后董,Niushan qijing (Niushan sevenfold ritual alliance),A055,牛山七境,Southern
V259,Meilin,梅林,Niushan qijing (Niushan sevenfold ritual alliance),A055,牛山七境,Southern
V260,Chenshantou,陈山头,Niushan qijing (Niushan sevenfold ritual alliance),A055,牛山七境,Southern
V261,Xiazhuang,下庄,Niushan qijing (Niushan sevenfold ritual alliance),A055,牛山七境,Southern
V262,Dapu,大埔,Niushan qijing (Niushan sevenfold ritual alliance),A055,牛山七境,Southern
V263,Yangmian,洋面,Yangmian qijing (Yangmian sevenfold ritual alliance),A056,洋面七境,Southern
V264,Dongguo,东郭,Yangmian qijing (Yangmian sevenfold ritual alliance),A056,洋面七境,Southern
V265,Haizao,亥灶,Yangmian qijing (Yangmian sevenfold ritual alliance),A056,洋面七境,Southern
V266,Bancuo,板厝,Yangmian qijing (Yangmian sevenfold ritual alliance),A056,洋面七境,Southern
V267,Houcuo,侯厝,Yangmian qijing (Yangmian sevenfold ritual alliance),A056,洋面七境,Southern
V268,Qiaotou,桥头,Yangmian qijing (Yangmian sevenfold ritual alliance),A056,洋面七境,Southern
V269,Xiaxi,下西,Yangmian qijing (Yangmian sevenfold ritual alliance),A056,洋面七境,Southern
V270,Lingui,林桂,Lingui qijing (Lingui sevenfold ritual alliance),A057,林桂七境,Southern
V271,Mazhukeng,马竹坑,Lingui qijing (Lingui sevenfold ritual alliance),A057,林桂七境,Southern
V272,Pengmu,彭墓,Lingui qijing (Lingui sevenfold ritual alliance),A057,林桂七境,Southern
V273,Chisong,赤松,Lingui qijing (Lingui sevenfold ritual alliance),A057,林桂七境,Southern
V274,Shanglin,上林,Lingui qijing (Lingui sevenfold ritual alliance),A057,林桂七境,Southern
V275,Xuke,徐柯,Lingui qijing (Lingui sevenfold ritual alliance),A057,林桂七境,Southern
V276,Xiayu,下余,Lingui qijing (Lingui sevenfold ritual alliance),A057,林桂七境,Southern
V277,Xintang,新塘,Lingyun shangshibaxiang (Lingyun eighteen village ritual alliance),A058,凌云上十八乡,Southern
V278,Gouwei,village,Lingyun shangshibaxiang (Lingyun eighteen village ritual alliance),A058,凌云上十八乡,Southern
V279,Qinwei,沁尾,Lingyun shangshibaxiang (Lingyun eighteen village ritual alliance),A058,凌云上十八乡,Southern
V280,Longtou,龙头,Lingyun shangshibaxiang (Lingyun eighteen village ritual alliance),A058,凌云上十八乡,Southern
V281,Xipu,西埔,Lingyun shangshibaxiang (Lingyun eighteen village ritual alliance),A058,凌云上十八乡,Southern
V282,Shangdaban,上大坂,Lingyun shangshibaxiang (Lingyun eighteen village ritual alliance),A058,凌云上十八乡,Southern
V283,Xiadaban,下大坂,Lingyun shangshibaxiang (Lingyun eighteen village ritual alliance),A058,凌云上十八乡,Southern
V284,Mokengli,磨坑里,Lingyun shangshibaxiang (Lingyun eighteen village ritual alliance),A058,凌云上十八乡,Southern
V285,Huangtoupu,黄头埔,Lingyun shangshibaxiang (Lingyun eighteen village ritual alliance),A058,凌云上十八乡,Southern
V286,Kengbei,坑北,Lingyun shangshibaxiang (Lingyun eighteen village ritual alliance),A058,凌云上十八乡,Southern
V287,Baita,白塔,Lingyun shangshibaxiang (Lingyun eighteen village ritual alliance),A058,凌云上十八乡,Southern
V288,Liucuo,刘厝,Lingyun shangshibaxiang (Lingyun eighteen village ritual alliance),A058,凌云上十八乡,Southern
V289,Yingbian,营边,Lingyun shangshibaxiang (Lingyun eighteen village ritual alliance),A058,凌云上十八乡,Southern
V290,Caicuo,菜厝,Lingyun shangshibaxiang (Lingyun eighteen village ritual alliance),A058,凌云上十八乡,Southern
V291,Qicuo,岐厝,Lingyun shangshibaxiang (Lingyun eighteen village ritual alliance),A058,凌云上十八乡,Southern
V292,Dongsong,东宋,Lingyun shangshibaxiang (Lingyun eighteen village ritual alliance),A058,凌云上十八乡,Southern
V293,Xiting,西亭,Lingyun shangshibaxiang (Lingyun eighteen village ritual alliance),A058,凌云上十八乡,Southern
V294,Lingcuo,凌厝,Lingyun shangshibaxiang (Lingyun eighteen village ritual alliance),A058,凌云上十八乡,Southern
V295,Xiagou,下沟,Lingyun shangshibaxiang (Lingyun eighteen village ritual alliance),A058,凌云上十八乡,Southern
V296,Goujinyang,沟津洋,Lingyun shangshibaxiang (Lingyun eighteen village ritual alliance),A058,凌云上十八乡,Southern
V297,Hengtang,横塘,Hengtang qijia (Hengtang seven jia ritual alliance),A059,横塘七甲,Southern
V298,Yushang,屿上),Yushang ershê (Yushan two shê ritual alliance),A060,屿上二社,Northern
V299,Huangtou,黄头,Huangtou ershê (Huangtou two shê ritual alliance),A061,黄头二社,Northern
V300,Caizhai,蔡宅),Caizhai ershê (Caizhai two shê ritual alliance),A062,蔡宅二社,Northern
V301,Xialin,下林,Xialin ershê (Xialin two shê ritual alliance),A063,下林二社,Northern
V302,Dongpo,东坡,Dongpo ershê (Dongpo two shê ritual alliance),A064,东坡二社,Northern
V303,Xiahuang,下黄,Xiahuang qijing (Xiahuang sevenfold ritual alliance),A065,下黄七境,Northern
V304,Xiadu,下度,Xiahuang qijing (Xiahuang sevenfold ritual alliance),A065,下黄七境,Northern
V305,Huangcuo,黄厝,Xiahuang qijing (Xiahuang sevenfold ritual alliance),A065,下黄七境,Northern
V306,Xiadaiwei,下埭尾,Xiahuang qijing (Xiahuang sevenfold ritual alliance),A065,下黄七境,Northern
V307,Shangdaiwei,上埭尾,Xiahuang qijing (Xiahuang sevenfold ritual alliance),A065,下黄七境,Northern
V308,Houdun,后墩,Xiahuang qijing (Xiahuang sevenfold ritual alliance),A065,下黄七境,Northern
V309,Shêcuo,社厝,Xiahuang qijing (Xiahuang sevenfold ritual alliance),A065,下黄七境,Northern
V310,Xiaocuo,肖厝,Xiahuang qijing (Xiahuang sevenfold ritual alliance),A065,下黄七境,Northern
V311,Bantou,坂头,Xiahuang qijing (Xiahuang sevenfold ritual alliance),A065,下黄七境,Northern
V312,Liuqiao,柳桥,Liuqiao sancun (Liuqiao three village ritual alliance),A066,柳桥三村,Northern
V313,Dingdun,顶墩,Liuqiao sancun (Liuqiao three village ritual alliance),A066,柳桥三村,Northern
V314,Wudun,梧墩,Liuqiao sancun (Liuqiao three village ritual alliance),A066,柳桥三村,Northern
V315,Goutou,沟头,Goutou erja (Goutou two territory ritual alliance),A067,沟头二甲,Northern
V316,Xiaotang,筱塘,Xiaotang ershê (Xiaotang two shê ritual alliance),A068,筱塘二社,Northern
V317,Nanmen,南门,Nanmen qijing (Nanmen sevenfold ritual alliance),A069,南门七境,Northern
V317d,Gouwei,沟尾,Nanmen qijing (Nanmen sevenfold ritual alliance),A069,南门七境,Northern
V318,Beimo,北磨,Beimo wushê (Beimen five shê ritual alliance),A070,北磨五社,Northern
V319,Daxi,大溪,Beimo wushê (Beimen five shê ritual alliance),A070,北磨五社,Northern
V320,Xiamo,下磨,Beimo wushê (Beimen five shê ritual alliance),A070,北磨五社,Northern
V321,Qianpu,前埔,Beimo wushê (Beimen five shê ritual alliance),A070,北磨五社,Northern
V322,Xiaxie,下斜,Beimo wushê (Beimen five shê ritual alliance),A070,北磨五社,Northern
V323,Anfu,安福),Anfu ershê (Anfu two shê ritual alliance),A071,安福二社,Northern
V324,Longqiaojie,龙桥街,Longqiao qijing (Longqiao sevenfold ritual alliance),A072,龙桥七境,Northern
V325,Dinglongqiao,顶龙桥,Longqiao qijing (Longqiao sevenfold ritual alliance),A072,龙桥七境,Northern
V326,Xiagongli,下宫里,Longqiao qijing (Longqiao sevenfold ritual alliance),A072,龙桥七境,Northern
V327,Tudihou,土地后,Longqiao qijing (Longqiao sevenfold ritual alliance),A072,龙桥七境,Northern
V328,Xishan,西山,Longqiao qijing (Longqiao sevenfold ritual alliance),A072,龙桥七境,Northern
V329,Shiding,石顶,Longqiao qijing (Longqiao sevenfold ritual alliance),A072,龙桥七境,Northern
V330,Laoyeshu,老叶树,Longqiao qijing (Longqiao sevenfold ritual alliance),A072,龙桥七境,Northern
V331,Yanshou,延寿,Gufeng qijing (Gufeng sevenfold ritual alliance),A073,古峰七境,Northern
V332,Ouxuwei,欧徐尾,Gufeng qijing (Gufeng sevenfold ritual alliance),A073,古峰七境,Northern
V333,Xiapo,下坡,Gufeng qijing (Gufeng sevenfold ritual alliance),A073,古峰七境,Northern
V334,Xitou,西头,Gufeng qijing (Gufeng sevenfold ritual alliance),A073,古峰七境,Northern
V335,Shanglin,上林,Gufeng qijing (Gufeng sevenfold ritual alliance),A073,古峰七境,Northern
V336,Gaojing,高井,Gufeng qijing (Gufeng sevenfold ritual alliance),A073,古峰七境,Northern
V337,Gegou,隔沟,Beimen qijing (Beimen sevenfold ritual alliance),A074,北门七境,Northern
V338,Chenmendou,辰门兜,Beimen qijing (Beimen sevenfold ritual alliance),A074,北门七境,Northern
V339,Gouxia,沟下,Beimen qijing (Beimen sevenfold ritual alliance),A074,北门七境,Northern
V340,Yimen,义门,Beimen qijing (Beimen sevenfold ritual alliance),A074,北门七境,Northern
V341,Xigeng,西庚,Beimen qijing (Beimen sevenfold ritual alliance),A074,北门七境,Northern
V342,Xiadai,下戴,Beimen qijing (Beimen sevenfold ritual alliance),A074,北门七境,Northern
V343,Tantouqiao,潭头桥,Beimen qijing (Beimen sevenfold ritual alliance),A074,北门七境,Northern
V344,Dongmendou,东门兜,Dongmen qijing (Dongmeng sevenfold ritual alliance),A075,东门七境,Northern
V345,Meihuating,梅花亭,Dongmen qijing (Dongmeng sevenfold ritual alliance),A075,东门七境,Northern
V346,Fengmei,丰美,Dongmen qijing (Dongmeng sevenfold ritual alliance),A075,东门七境,Northern
V347,Xishê,西社,Dongmen qijing (Dongmeng sevenfold ritual alliance),A075,东门七境,Northern
V348,Liantang,莲塘,Dongmen qijing (Dongmeng sevenfold ritual alliance),A075,东门七境,Northern
V349,Xiadun,下墩,Dongmen qijing (Dongmeng sevenfold ritual alliance),A075,东门七境,Northern
V350,Kuokou,阔口,Baihu qijing (Baihu sevenfold ritual alliance),A076,白湖七境,Northern
V351,Gushan,古山,Baihu qijing (Baihu sevenfold ritual alliance),A076,白湖七境,Northern
V352,Hougong,后龚,Lipu sishê (Lipu four shê ritual alliance),A077,荔浦四社,Northern
V353,Qianpu,前浦,Lipu sishê (Lipu four shê ritual alliance),A077,荔浦四社,Northern
V354,Sheqian,社前,Lipu sishê (Lipu four shê ritual alliance),A077,荔浦四社,Northern
V355,Jiaoxi,郊西,Lipu sishê (Lipu four shê ritual alliance),A077,荔浦四社,Northern
V356,Huangdun,黄墩,Xinjiao sishê (Xinjiao four shê ritual alliance),A078,莘郊四社,Northern
V357,Jiaodong,郊东,Xinjiao sishê (Xinjiao four shê ritual alliance),A078,莘郊四社,Northern
V358,Zhongshê,中社,Xinjiao sishê (Xinjiao four shê ritual alliance),A078,莘郊四社,Northern
V359,Heshê,何社,Xinjiao sishê (Xinjiao four shê ritual alliance),A078,莘郊四社,Northern
V360,Punan,浦南,Punan sicun (Punan four village ritual alliance),A079,浦南四村,Northern
V361,Dongzhou,东洲,Punan sicun (Punan four village ritual alliance),A079,浦南四村,Northern
V362,Dongjiao,东郊,Punan sicun (Punan four village ritual alliance),A079,浦南四村,Northern
V363,Doumentou,陡门头,Punan sicun (Punan four village ritual alliance),A079,浦南四村,Northern
V364,Caozhu,草渚,Caozhu erjia (Caozhu two jia ritual alliance),A080,草渚二甲,Northern
V365,Nanji,南箕,Nanji Sevenfold ritual alliance,A081,南箕七境,Northern
V366,Jiangbian,江边,Nanji Sevenfold ritual alliance,A081,南箕七境,Northern
V367,Zhudun,朱墩,Nanji Sevenfold ritual alliance,A081,南箕七境,Northern
V368,Qianbudun,前布墩,Nanji Sevenfold ritual alliance,A081,南箕七境,Northern
V369,Houbudun,后布墩,Nanji Sevenfold ritual alliance,A081,南箕七境,Northern
V370,Xizhu,西洙,Haopu qijing (Haopu sevenfold ritual alliance),A082,濠浦七境,Northern
V371,Dongyang,东阳,Haopu qijing (Haopu sevenfold ritual alliance),A082,濠浦七境,Northern
V372,Gouxi,沟西,Haopu qijing (Haopu sevenfold ritual alliance),A082,濠浦七境,Northern
V373,Dongdai,东埭,Haopu qijing (Haopu sevenfold ritual alliance),A082,濠浦七境,Northern
V374,Xuqiao,徐桥,Haopu qijing (Haopu sevenfold ritual alliance),A082,濠浦七境,Northern
V375,Xishi,西施,Haopu qijing (Haopu sevenfold ritual alliance),A082,濠浦七境,Northern
V376,Wutang,梧塘,Haopu qijing (Haopu sevenfold ritual alliance),A082,濠浦七境,Northern
V377,Goumei,沟美,Haopu qijing (Haopu sevenfold ritual alliance),A082,濠浦七境,Northern
V378,Changshan,畅山,Changshan sishê (Changshan four shê ritual alliance),A083,畅山四社,Northern
V379,Putou,浦头,Changshan sishê (Changshan four shê ritual alliance),A083,畅山四社,Northern
V380,Daba,大坝,Changshan sishê (Changshan four shê ritual alliance),A083,畅山四社,Northern
V381,Xitou,溪头,Changshan sishê (Changshan four shê ritual alliance),A083,畅山四社,Northern
V382,Jiaonan,郊南,Nanjiao qijing (Nanjiao sevenfold ritual alliance),A084,南郊七境,Northern
V383,Jiaobei,郊北,Nanjiao qijing (Nanjiao sevenfold ritual alliance),A084,南郊七境,Northern
V384,Xikou,溪口,Nanjiao qijing (Nanjiao sevenfold ritual alliance),A084,南郊七境,Northern
V385,Xiananjiao,下南郊,Nanjiao qijing (Nanjiao sevenfold ritual alliance),A084,南郊七境,Northern
V386,Xiyang,西洋,Nanjiao qijing (Nanjiao sevenfold ritual alliance),A084,南郊七境,Northern
V387,Weicuo,尾厝,Nanjiao qijing (Nanjiao sevenfold ritual alliance),A084,南郊七境,Northern
V388,Xiacuo,下厝,Nanjiao qijing (Nanjiao sevenfold ritual alliance),A084,南郊七境,Northern
V389,Xiangli,衖里,Nanjiao qijing (Nanjiao sevenfold ritual alliance),A084,南郊七境,Northern
V390,Gongdou,宫兜,Nanjiao qijing (Nanjiao sevenfold ritual alliance),A084,南郊七境,Northern
V391,Xiating,下亭,Jiaoxia qijing (Jiaoxia sevenfold ritual alliance),A085,郊下七境,Northern
V392,Siting,四亭,Jiaoxia qijing (Jiaoxia sevenfold ritual alliance),A085,郊下七境,Northern
V393,Jiaoxia,郊下,Jiaoxia qijing (Jiaoxia sevenfold ritual alliance),A085,郊下七境,Northern
V394,Xizhang,西漳,Jiaoxia qijing (Jiaoxia sevenfold ritual alliance),A085,郊下七境,Northern
V395,Xiting,西亭,Jiaoxia qijing (Jiaoxia sevenfold ritual alliance),A085,郊下七境,Northern
V396,Qiandun,前墩,Changfeng qijing (Changfeng sevenfold ritual alliance),A086,长丰七境,Northern
V397,Houdun,后墩,Changfeng qijing (Changfeng sevenfold ritual alliance),A086,长丰七境,Northern
V398,Chennnan,辰南,Changfeng qijing (Changfeng sevenfold ritual alliance),A086,长丰七境,Northern
V399,Jiaoxiali,郊下里,Changfeng qijing (Changfeng sevenfold ritual alliance),A086,长丰七境,Northern
V400,Chenqiao,陈桥,Chenqiao sicun (Chenqiao four village ritual alliance),A087,陈桥四村,Northern
V401,Houdun,后墩,Chenqiao sicun (Chenqiao four village ritual alliance),A087,陈桥四村,Northern
V402,Hanba,涵坝,Chenqiao sicun (Chenqiao four village ritual alliance),A087,陈桥四村,Northern
V403,Shanbu,山步,Chenqiao sicun (Chenqiao four village ritual alliance),A087,陈桥四村,Northern
V404,Wujiao,梧郊,Wujiao sancun (Wujiao three village ritual alliance),A088,梧郊三村,Northern
V405,Lantian,蓝田,Wujiao sancun (Wujiao three village ritual alliance),A088,梧郊三村,Northern
V406,Yakou,牙口,Wujiao sancun (Wujiao three village ritual alliance),A088,梧郊三村,Northern
V407,Shangyu,上俞,Shangyu qijing (Shangyu sevenfold ritual alliance),A089,上俞七境,Northern
V408,Houting,后亭,Shangyu qijing (Shangyu sevenfold ritual alliance),A089,上俞七境,Northern
V409,Daicheng,岱埕,Shangyu qijing (Shangyu sevenfold ritual alliance),A089,上俞七境,Northern
V410,Xihu,西湖,Xihu ercun (Xihu two village ritual alliance),A090,西湖二村,Northern
V411,Duxia,度下,Xihu ercun (Xihu two village ritual alliance),A090,西湖二村,Northern
V412,Jikui,集奎),Jilui sijia (Jikui four jia ritual alliance),A091,集奎四甲,Northern
V413,Hougong,后宫,Hougong erjia (Hougong two jia ritual alliance),A092,后宫二甲,Northern
V414,Houxue,后学,Hougong erjia (Hougong two jia ritual alliance),A092,后宫二甲,Northern
V415,Dongting,东亭),Dongting sijia (Dongting four jia ritual alliance),A093,东亭四甲,Northern
V416,Dongdun,东墩,Yangwei liucun (Yangwei six village ritual alliance),A094,洋尾六村,Northern
V417,Lijiao,李角,Yangwei liucun (Yangwei six village ritual alliance),A094,洋尾六村,Northern
V418,Xidun,西墩,Yangwei liucun (Yangwei six village ritual alliance),A094,洋尾六村,Northern
V419,Houtou,后头,Yangwei liucun (Yangwei six village ritual alliance),A094,洋尾六村,Northern
V420,Tangbian,塘边,Yangwei liucun (Yangwei six village ritual alliance),A094,洋尾六村,Northern
V421,Xilin,西林,Yangwei liucun (Yangwei six village ritual alliance),A094,洋尾六村,Northern
V422,Zhenqian,镇前,Zhenqian qijing (Zhenqian sevenfold ritual alliance),A095,镇前七境,Northern
V423,Zhenjiang,镇江,Zhenqian qijing (Zhenqian sevenfold ritual alliance),A095,镇前七境,Northern
V424,Xiaohu,孝户,Zhenqian qijing (Zhenqian sevenfold ritual alliance),A095,镇前七境,Northern
V425,Nancheng,南埕,Nancheng sishê (Nancheng four shê ritual alliance),A096,南埕四社,Northern
V426,Dingcuo,顶厝,Sihua sanshê (Sihua three shê ritual alliance),A097,泗华三社,Northern
V427,Xiazheng,下郑,Sihua sanshê (Sihua three shê ritual alliance),A097,泗华三社,Northern
V428,Kongli,孔里,Sihua sanshê (Sihua three shê ritual alliance),A097,泗华三社,Northern
V429,Yangxi,洋西,Yangxi sijia (Yangxi four jia ritual alliance),A098,洋西四甲,Northern
V430,Shandou,山兜,Yangxi sijia (Yangxi four jia ritual alliance),A098,洋西四甲,Northern
V431,Houdun,后墩,Houzhou qijing (Houzhou sevenfold ritual alliance),A099,后卓七境,Northern
V432,Xiating,下亭,Houzhou qijing (Houzhou sevenfold ritual alliance),A099,后卓七境,Northern
V433,Qiandun,前墩,Houzhou qijing (Houzhou sevenfold ritual alliance),A099,后卓七境,Northern
V434,Shangguo,上郭,Houzhou qijing (Houzhou sevenfold ritual alliance),A099,后卓七境,Northern
V435,Taofeng,桃峰,Houzhou qijing (Houzhou sevenfold ritual alliance),A099,后卓七境,Northern
V436,Baidu,白杜,Xibai shishê (Xibai ten shê ritual alliance),A100,溪白十社,Northern
V437,Tangbian,塘边,Xibai shishê (Xibai ten shê ritual alliance),A100,溪白十社,Northern
V438,Gelong,隔垄,Xibai shishê (Xibai ten shê ritual alliance),A100,溪白十社,Northern
V439,Luding,路顶,Xibai shishê (Xibai ten shê ritual alliance),A100,溪白十社,Northern
V440,Xiaxi,下溪,Xibai shishê (Xibai ten shê ritual alliance),A100,溪白十社,Northern
V441,Xiatou,下头,Xibai shishê (Xibai ten shê ritual alliance),A100,溪白十社,Northern
V442,Qixi,企溪,Xibai shishê (Xibai ten shê ritual alliance),A100,溪白十社,Northern
V443,Hantou,汉头,Xibai shishê (Xibai ten shê ritual alliance),A100,溪白十社,Northern
V444,Gushan,古山,Xibai shishê (Xibai ten shê ritual alliance),A100,溪白十社,Northern
V445,Dongban,东坂,Xibai shishê (Xibai ten shê ritual alliance),A100,溪白十社,Northern
V446,Donghu,洞湖,Donghu sanshê (Dongdu three shê ritual alliance),A101,洞湖三社,Northern
V447,Xiguo,西锅,Donghu sanshê (Dongdu three shê ritual alliance),A101,洞湖三社,Northern
V448,Duxi,度西,Donghu sanshê (Dongdu three shê ritual alliance),A101,洞湖三社,Northern
V449,Houpu,后埔,Fenglin qijing (Fenglin sevenfold ritual alliance),A102,枫林七境,Northern
V450,Shanghuang,上黄,Fenglin qijing (Fenglin sevenfold ritual alliance),A102,枫林七境,Northern
V451,Linfeng,林峰,Fenglin qijing (Fenglin sevenfold ritual alliance),A102,枫林七境,Northern
V452,Kengbian,坑边,Fenglin qijing (Fenglin sevenfold ritual alliance),A102,枫林七境,Northern
V453,Kengtou,坑头,Fenglin qijing (Fenglin sevenfold ritual alliance),A102,枫林七境,Northern
V454,Chenglin,澄林,Fenglin qijing (Fenglin sevenfold ritual alliance),A102,枫林七境,Northern
V456,Guantang,官塘,Fenglin qijing (Fenglin sevenfold ritual alliance),A102,枫林七境,Northern
V457,Xitianwei,西天尾,Fenglin qijing (Fenglin sevenfold ritual alliance),A102,枫林七境,Northern
V458,Miaoqian,庙前,Chengzhu liushê (Chengzhu six shê ritual alliance),A103,澄渚六社,Northern
V459,Yuli,俞里,Chengzhu liushê (Chengzhu six shê ritual alliance),A103,澄渚六社,Northern
V460,Xiazheng,霞郑,Chengzhu liushê (Chengzhu six shê ritual alliance),A103,澄渚六社,Northern
V461,Shuiliuli,水流利,Chengzhu liushê (Chengzhu six shê ritual alliance),A103,澄渚六社,Northern
V462,Banludian,半路店,Chengzhu liushê (Chengzhu six shê ritual alliance),A103,澄渚六社,Northern
V463,Donghuang,东黄,Chengzhu liushê (Chengzhu six shê ritual alliance),A103,澄渚六社,Northern
V464,Xi’an,溪安,Longshan qijing (Longshan sevenfold ritual alliance),A104,龙山七境,Northern
V465,Daqiaotou,大桥头,Longshan qijing (Longshan sevenfold ritual alliance),A104,龙山七境,Northern
V466,Houting,后亭,Longshan qijing (Longshan sevenfold ritual alliance),A104,龙山七境,Northern
V467,Xishan,西山,Longshan qijing (Longshan sevenfold ritual alliance),A104,龙山七境,Northern
V468,Wushi,乌石,Longshan qijing (Longshan sevenfold ritual alliance),A104,龙山七境,Northern
V469,Beishan,北山,Longshan qijing (Longshan sevenfold ritual alliance),A104,龙山七境,Northern
V470,Xincun,新村,Longshan qijing (Longshan sevenfold ritual alliance),A104,龙山七境,Northern
V471,Zhenxia,圳下,Longshan qijing (Longshan sevenfold ritual alliance),A104,龙山七境,Northern
V472,Chendun,陈墩,Beida qijing (Beida sevenfold ritual alliance),A105,北大七境,Northern
V473,Houlu,后炉,Beida qijing (Beida sevenfold ritual alliance),A105,北大七境,Northern
V474,Beijiao,北郊,Beida qijing (Beida sevenfold ritual alliance),A105,北大七境,Northern
V475,Jiaoxia,郊下,Beida qijing (Beida sevenfold ritual alliance),A105,北大七境,Northern
V476,Dagou,大沟,Beida qijing (Beida sevenfold ritual alliance),A105,北大七境,Northern
V477,Xizheng,西郑,Beida qijing (Beida sevenfold ritual alliance),A105,北大七境,Northern
V478,Shanghuang,上黄,Shanghuang ershê (Shanghuang two shê ritual alliance),A106,上黄二社,Northern
V479,Zhuxiang,朱衖,Qibu qijing (Qibu sevenfold ritual alliance),A107,七步七境,Northern
V480,Zhengdun,郑墩,Qibu qijing (Qibu sevenfold ritual alliance),A107,七步七境,Northern
V481,Chaiqiaotou,柴桥头,Qibu qijing (Qibu sevenfold ritual alliance),A107,七步七境,Northern
V482,Shanglindun,上林墩,Qibu qijing (Qibu sevenfold ritual alliance),A107,七步七境,Northern
V483,Jiaodong,郊东,Qibu qijing (Qibu sevenfold ritual alliance),A107,七步七境,Northern
V484,Jiaoxi,郊西,Qibu qijing (Qibu sevenfold ritual alliance),A107,七步七境,Northern
V485,Paohudun,袍笏墩,Qibu qijing (Qibu sevenfold ritual alliance),A107,七步七境,Northern
V486,Wujiang,吴江),Wujiang sishê (Wujiang four shê alliance),A108,吴江四社,Northern
V487,Shanglin,上林,Daili qijing (Daili sevenfold ritual alliance),A109,埭里七境,Northern
V489,Xikou,溪口,Daili qijing (Daili sevenfold ritual alliance),A109,埭里七境,Northern
V490,Youqiaotou,游桥头,Daili qijing (Daili sevenfold ritual alliance),A109,埭里七境,Northern
V491,Caidai,dongzhi,Daili qijing (Daili sevenfold ritual alliance),A109,埭里七境,Northern
V492,Caidai,xizhi,Daili qijing (Daili sevenfold ritual alliance),A109,埭里七境,Northern
V493,Qianhuang,前黄,Daili qijing (Daili sevenfold ritual alliance),A109,埭里七境,Northern
V494,Xiacheng,下澄,Daili qijing (Daili sevenfold ritual alliance),A109,埭里七境,Northern
V495,Xiagao,下高,Daili qijing (Daili sevenfold ritual alliance),A109,埭里七境,Northern
V496,Shangguo,上郭,sancun (Shuangfu three village ritual alliance),A110,双福三村,Northern
V497,Qianting,前亭,sancun (Shuangfu three village ritual alliance),A110,双福三村,Northern
V498,Ketang,柯塘,sancun (Shuangfu three village ritual alliance),A110,双福三村,Northern
V499,Weitang,魏塘,Xianying shijing (Xianying ten territory ritual alliance),A111,显应十境,Northern
V500,Guozhuang,郭庄,Xianying shijing (Xianying ten territory ritual alliance),A111,显应十境,Northern
V501,Dongdun,东墩,Xianying shijing (Xianying ten territory ritual alliance),A111,显应十境,Northern
V502,Puqian,铺前,Xianying shijing (Xianying ten territory ritual alliance),A111,显应十境,Northern
V503,Xigang,西港,Xianying shijing (Xianying ten territory ritual alliance),A111,显应十境,Northern
V504,Zhuangcuo,庄厝,Xianying shijing (Xianying ten territory ritual alliance),A111,显应十境,Northern
V505,Yangchi,洋池,Xianying shijing (Xianying ten territory ritual alliance),A111,显应十境,Northern
V506,Xiayang,下洋,Xianying shijing (Xianying ten territory ritual alliance),A111,显应十境,Northern
V507,Houting,后亭,Xianying shijing (Xianying ten territory ritual alliance),A111,显应十境,Northern
V508,Xiayu,下宇,Xianying shijing (Xianying ten territory ritual alliance),A111,显应十境,Northern
V509,Beigang,北港,Anren qijing (Anren sevenfold ritual alliance),A112,安仁七境,Northern
V510,Zhoudun,周墩,Anren qijing (Anren sevenfold ritual alliance),A112,安仁七境,Northern
V511,Xiajiang,下江,Anren qijing (Anren sevenfold ritual alliance),A112,安仁七境,Northern
V512,Xiafang,下坊,Anren qijing (Anren sevenfold ritual alliance),A112,安仁七境,Northern
V513,Jiakou,加口,Anren qijing (Anren sevenfold ritual alliance),A112,安仁七境,Northern
V514,Tiancen,田岑,Anren qijing (Anren sevenfold ritual alliance),A112,安仁七境,Northern
V515,Lidun,利墩,Changfu qijing (Changfu sevenfold ritual alliance),A113,长福七境,Northern
V516,Houzheng,后郑,Changfu qijing (Changfu sevenfold ritual alliance),A113,长福七境,Northern
V517,Xingang,新港,Changfu qijing (Changfu sevenfold ritual alliance),A113,长福七境,Northern
V518,Daduxia,大度下,Changfu qijing (Changfu sevenfold ritual alliance),A113,长福七境,Northern
V519,Shangzheng,上郑,Changfu qijing (Changfu sevenfold ritual alliance),A113,长福七境,Northern
V520,Jiangwei,江尾,Changfu qijing (Changfu sevenfold ritual alliance),A113,长福七境,Northern
V521,Jiangbian,江边,Changfu qijing (Changfu sevenfold ritual alliance),A113,长福七境,Northern
V522,Meilou,美楼,Chongsheng sanshê (Chongsheng three shê ritual alliance),A114,崇圣三社,Northern
V523,Chongshê,崇社,Chongsheng sanshê (Chongsheng three shê ritual alliance),A114,崇圣三社,Northern
V524,Waiduxia,外度下,Chongsheng sanshê (Chongsheng three shê ritual alliance),A114,崇圣三社,Northern
V525,Songbaige,松柏戈,Chongsheng sanshê (Chongsheng three shê ritual alliance),A114,崇圣三社,Northern
V526,Ganyuan,柑园,Chongsheng sanshê (Chongsheng three shê ritual alliance),A114,崇圣三社,Northern
V527,Nanshan,南山,Lingci qijing (Linci sevenfold ritual alliance),A115,灵慈七境,Northern
V528,Hongdu,洪度,Lingci qijing (Linci sevenfold ritual alliance),A115,灵慈七境,Northern
V529,Jiaqiu,九坵,Lingci qijing (Linci sevenfold ritual alliance),A115,灵慈七境,Northern
V530,Xiacuo,下厝,Lingci qijing (Linci sevenfold ritual alliance),A115,灵慈七境,Northern
V531,Guocuo,郭厝,Lingci qijing (Linci sevenfold ritual alliance),A115,灵慈七境,Northern
V532,Shanghouting,上后亭,Lingci qijing (Linci sevenfold ritual alliance),A115,灵慈七境,Northern
V533,Beicheng,北埕,Lingci qijing (Linci sevenfold ritual alliance),A115,灵慈七境,Northern
V534,Dongzhang,东张,Lingci qijing (Linci sevenfold ritual alliance),A115,灵慈七境,Northern
V535,Tiancuo,田厝,Lingci qijing (Linci sevenfold ritual alliance),A115,灵慈七境,Northern
V536,Dengcuo,邓厝,Qinhou wujia (Qinhou five jia ritual alliance),A116,沁后五甲,Northern
V537,Niushan,牛山,Qinhou wujia (Qinhou five jia ritual alliance),A116,沁后五甲,Northern
V538,Qinwei,沁尾,Qinhou wujia (Qinhou five jia ritual alliance),A116,沁后五甲,Northern
V539,Xiatiancuo,下田厝,Qinhou wujia (Qinhou five jia ritual alliance),A116,沁后五甲,Northern
V540,Weiyang,渭阳,Weiyang sanjia (Weiyang three jia ritual alliance),A117,渭阳三甲,Northern
V541,Jingtou,井头,Sanshan sanshê (Sanshan three shê ritual alliance),A118,三山三社,Northern
V542,Xiake,下柯,Sanshan sanshê (Sanshan three shê ritual alliance),A118,三山三社,Northern
V543,Shanhou,山后,Sanshan sanshê (Sanshan three shê ritual alliance),A118,三山三社,Northern
V544,Xiyang,西洋,Wangyang sishê (Wangyang four shê ritual alliance),A119,碗洋四社,Northern
V545,Houyang,后洋,Wangyang sishê (Wangyang four shê ritual alliance),A119,碗洋四社,Northern
V546,Gelong,隔垄,Wangyang sishê (Wangyang four shê ritual alliance),A119,碗洋四社,Northern
V547,Tiancuo,田厝,Wangyang sishê (Wangyang four shê ritual alliance),A119,碗洋四社,Northern
V548,Houhuang,后黄),Houhuang ershê (Houhuang two shê ritual alliance),A120,后黄二社,Northern
V549,Loutou,漏头,Loutou sishê (Loutou four shê ritual alliance),A121,漏头四社,Northern
V550,Fangzhuang,方庄,Loutou sishê (Loutou four shê ritual alliance),A121,漏头四社,Northern
V551,Linwai,林外,Wutang qijing (Wutang sevenfold ritual alliance),A122,梧塘七境,Northern
V552,Meiling,梅岭,Wutang qijing (Wutang sevenfold ritual alliance),A122,梧塘七境,Northern
V553,Xizhuang,西庄,Wutang qijing (Wutang sevenfold ritual alliance),A122,梧塘七境,Northern
V554,Taibaizhuang,太白庄,Wutang qijing (Wutang sevenfold ritual alliance),A122,梧塘七境,Northern
V555,Fuxingshê,福兴社,Wutang qijing (Wutang sevenfold ritual alliance),A122,梧塘七境,Northern
V556,Dongpai,东牌,Wutang qijing (Wutang sevenfold ritual alliance),A122,梧塘七境,Northern
V557,Xialou,霞楼,Wutang qijing (Wutang sevenfold ritual alliance),A122,梧塘七境,Northern
V558,Wuzi,梧梓,Wuzi sanshê (Wuxin three shê ritual alliance),A123,梧梓三社,Northern
V559,Daopu,道埔,Songban shisanjia (Songban thirteen jia ritual alliance),A124,松阪十三甲,Northern
V560,Sizhou,泗洲,Songban shisanjia (Songban thirteen jia ritual alliance),A124,松阪十三甲,Northern
V561,Siying,泗营,Songban shisanjia (Songban thirteen jia ritual alliance),A124,松阪十三甲,Northern
V562,Xiaojia,肖甲,Songban shisanjia (Songban thirteen jia ritual alliance),A124,松阪十三甲,Northern
V563,Zhixiang,直巷,Songban shisanjia (Songban thirteen jia ritual alliance),A124,松阪十三甲,Northern
V565,Xiangtou,巷头,Songban shisanjia (Songban thirteen jia ritual alliance),A124,松阪十三甲,Northern
V566,Lingqian,岭前,Songban shisanjia (Songban thirteen jia ritual alliance),A124,松阪十三甲,Northern
V567,Pudun,埔墩,Songban shisanjia (Songban thirteen jia ritual alliance),A124,松阪十三甲,Northern
V568,Dingcuowei,顶厝尾,Songban shisanjia (Songban thirteen jia ritual alliance),A124,松阪十三甲,Northern
V569,Putou,埔头,Songban shisanjia (Songban thirteen jia ritual alliance),A124,松阪十三甲,Northern
V571,Lianhecun,联合村,Jiufeng qijia (Jiufeng seven jia ritual alliance),A125,九峰七甲,Northern
V572,Dinggou,顶沟,Jiufeng qijia (Jiufeng seven jia ritual alliance),A125,九峰七甲,Northern
V573,Shipaidou,石牌兜,Jiufeng qijia (Jiufeng seven jia ritual alliance),A125,九峰七甲,Northern
V575,Matou,码头,Lipu qijing (Lipu sevenfold ritual alliance),A126,励浦七境,Northern
V576,Dubin,都邠,Lipu qijing (Lipu sevenfold ritual alliance),A126,励浦七境,Northern
V577,Xiujiao,秀郊,Lipu qijing (Lipu sevenfold ritual alliance),A126,励浦七境,Northern
V578,Chengfeng,澄峰,Lipu qijing (Lipu sevenfold ritual alliance),A126,励浦七境,Northern
V579,Dongpo,东坡,Lipu qijing (Lipu sevenfold ritual alliance),A126,励浦七境,Northern
V580,Nankeng,南坑,Lipu qijing (Lipu sevenfold ritual alliance),A126,励浦七境,Northern
V581,Xiaxiao,霞宵,Huangan qijing (Huangan sevenfold ritual alliance),A127,黄安七境,Northern
V582,Huangxiang,黄巷,Huangan qijing (Huangan sevenfold ritual alliance),A127,黄安七境,Northern
V583,Xialin,下林,Huangan qijing (Huangan sevenfold ritual alliance),A127,黄安七境,Northern
V584,Cangkou,苍口,Huangan qijing (Huangan sevenfold ritual alliance),A127,黄安七境,Northern
V585,Xilin,西林,Huangan qijing (Huangan sevenfold ritual alliance),A127,黄安七境,Northern
V586,Xipo,西坡,Huangan qijing (Huangan sevenfold ritual alliance),A127,黄安七境,Northern
V587,Qindong,沁东,Anminqijing (Anmin sevenfold ritual alliance),A128,安民七境,Northern
V588,Qinxi,沁西,Anminqijing (Anmin sevenfold ritual alliance),A128,安民七境,Northern
V589,Dongxu,东徐,Anminqijing (Anmin sevenfold ritual alliance),A128,安民七境,Northern
V590,Nanpu,南埔,Anminqijing (Anmin sevenfold ritual alliance),A128,安民七境,Northern
V591,Dongzhu,东珠,Anminqijing (Anmin sevenfold ritual alliance),A128,安民七境,Northern
V591,Dongzhu,东珠,Anminqijing (Anmin sevenfold ritual alliance),A128,安民七境,Northern
V592,Houlin,后林,Anminqijing (Anmin sevenfold ritual alliance),A128,安民七境,Northern
V593,Xizhai,西宅,Anminqijing (Anmin sevenfold ritual alliance),A128,安民七境,Northern
V593,Xizhai,西宅,Anminqijing (Anmin sevenfold ritual alliance),A128,安民七境,Northern
V594,Xiashanglin,下上林,Anminqijing (Anmin sevenfold ritual alliance),A128,安民七境,Northern
V595,Dingshanglin,顶上林,Anminqijing (Anmin sevenfold ritual alliance),A128,安民七境,Northern
V596,Donglin,东林,Anminqijing (Anmin sevenfold ritual alliance),A128,安民七境,Northern
V597,Yupo,喻坡,Yupo ershê (Yupo two shê ritual alliance),A129,喻坡二社,Northern
V598,Tangxi,塘西,Tangxi sanjia (Tangxi three jia ritual alliance),A130,塘西三甲,Northern
V599,Zhuopo,卓坡),Zhuopo sanjia (Zhuopo three jia ritual alliance),A131,卓坡三甲,Northern
V600,Louxia,楼下,Hanjiang ershisi pu (Hanjiang twenty-four wards ritual alliance),A132,涵江二十四铺,Northern
V601,Baowei,保尾,Hanjiang ershisi pu (Hanjiang twenty-four wards ritual alliance),A132,涵江二十四铺,Northern
V602,Tangbei,塘北,Hanjiang ershisi pu (Hanjiang twenty-four wards ritual alliance),A132,涵江二十四铺,Northern
V603,Puwei,铺尾,Hanjiang ershisi pu (Hanjiang twenty-four wards ritual alliance),A132,涵江二十四铺,Northern
V604,Cangran,苍然,Hanjiang ershisi pu (Hanjiang twenty-four wards ritual alliance),A132,涵江二十四铺,Northern
V605,Yanning,延宁,Hanjiang ershisi pu (Hanjiang twenty-four wards ritual alliance),A132,涵江二十四铺,Northern
V606,Xiaxu,霞徐,Hanjiang ershisi pu (Hanjiang twenty-four wards ritual alliance),A132,涵江二十四铺,Northern
V607,Lindun,林墩,Hanjiang ershisi pu (Hanjiang twenty-four wards ritual alliance),A132,涵江二十四铺,Northern
V608,Gangtou,港头,Gangtou sancun (Gangtou three village ritual alliance),A133,港头三村,Northern
V609,Tianwei,田尾,Gangtou sancun (Gangtou three village ritual alliance),A133,港头三村,Northern
V610,Qianlin,前林,Gangtou sancun (Gangtou three village ritual alliance),A133,港头三村,Northern
V611,Zhanggongdun,张公墩,Tiancuo wucun (Tangcuo five village ritual alliance),A134,田厝五村,Northern
V612,Sudun,苏墩,Tiancuo wucun (Tangcuo five village ritual alliance),A134,田厝五村,Northern
V613,Weicuo,尾厝,Tiancuo wucun (Tangcuo five village ritual alliance),A134,田厝五村,Northern
V614,Ludun,卢墩,Tiancuo wucun (Tangcuo five village ritual alliance),A134,田厝五村,Northern
V615,Tianzhongyang,田中央,Tiancuo wucun (Tangcuo five village ritual alliance),A134,田厝五村,Northern
V616,Sangu,三股,Tangtou qijing (Tangtou sevenfold ritual alliance),A135,塘头七境,Northern
V617,Xinpo,新坡,Tangtou qijing (Tangtou sevenfold ritual alliance),A135,塘头七境,Northern
V618,Xiangli,巷利,Tangtou qijing (Tangtou sevenfold ritual alliance),A135,塘头七境,Northern
V619,Tanwei,潭尾,Tangtou qijing (Tangtou sevenfold ritual alliance),A135,塘头七境,Northern
V620,Huangcuo,黄厝,Tangtou qijing (Tangtou sevenfold ritual alliance),A135,塘头七境,Northern
V621,Houyang,后洋,Tangtou qijing (Tangtou sevenfold ritual alliance),A135,塘头七境,Northern
V622,Dongting,洞庭,Tangdong Sancun (Tangdong three village ritual alliance),A136,塘东三村,Northern
V623,Linbin,林柄,Tangdong Sancun (Tangdong three village ritual alliance),A136,塘东三村,Northern
V624,Puwei,埔尾,Tangdong Sancun (Tangdong three village ritual alliance),A136,塘东三村,Northern
V625,Sucuo,苏厝,Jindun sicun (Jindun four village ritual alliance),A137,金墩四村,Northern
V626,Zhongdun,中墩,Jindun sicun (Jindun four village ritual alliance),A137,金墩四村,Northern
V627,Jindun,金墩,Jindun sicun (Jindun four village ritual alliance),A137,金墩四村,Northern
V628,Yangzhong,洋中,Jindun sicun (Jindun four village ritual alliance),A137,金墩四村,Northern
V629,Tiezao,铁灶),Tiezao liujia (Tiezao six jia ritual alliance),A138,铁灶六甲,Northern
V630,Wencuo,温厝,Wencuo sanshê (Wencuo three shê ritual alliance),A139,温厝三社,Northern
V631,Huangdating,黄大庭,Wencuo sanshê (Wencuo three shê ritual alliance),A139,温厝三社,Northern
V632,Liuan,刘安,Wencuo sanshê (Wencuo three shê ritual alliance),A139,温厝三社,Northern
V633,Houguo,后郭,Houguo sishê (Houguo four shê ritual alliance),A140,后郭四社,Northern
V634,Tiantou,田头,Houguo sishê (Houguo four shê ritual alliance),A140,后郭四社,Northern
V635,Houdong,后董,Houguo sishê (Houguo four shê ritual alliance),A140,后郭四社,Northern
V636,Houhuang,后黄,Aoshan qijing (Aoshan sevenfold ritual alliance),A141,鳌山七境,Northern
V637,Aoli,澳里,Aoshan qijing (Aoshan sevenfold ritual alliance),A141,鳌山七境,Northern
V638,Xiashê,下社,Aoshan qijing (Aoshan sevenfold ritual alliance),A141,鳌山七境,Northern
V639,Xiake,下柯,Aoshan qijing (Aoshan sevenfold ritual alliance),A141,鳌山七境,Northern
V640,Dingke,顶柯,Aoshan qijing (Aoshan sevenfold ritual alliance),A141,鳌山七境,Northern
V641,Qitou,歧头,Aoshan qijing (Aoshan sevenfold ritual alliance),A141,鳌山七境,Northern
V642,Dongcheng,东埕,Jingshan sancun (Jingshan three village ritual alliance),A142,鲸山三村,Northern
V643,Shishan,石山,Jingshan sancun (Jingshan three village ritual alliance),A142,鲸山三村,Northern
V644,Xinpotou,新坡头,Jingshan sancun (Jingshan three village ritual alliance),A142,鲸山三村,Northern
V645,Shangmei,上梅,liushê (Yangfang six shê ritual alliance),A143,杨芳六社,Northern
V646,Houzeng,后曾,liushê (Yangfang six shê ritual alliance),A143,杨芳六社,Northern
V647,Dongzeng,东曾,liushê (Yangfang six shê ritual alliance),A143,杨芳六社,Northern
V648,Xilin,西林,liushê (Yangfang six shê ritual alliance),A143,杨芳六社,Northern
V649,Dongfang,东坊,liushê (Yangfang six shê ritual alliance),A143,杨芳六社,Northern
V650,Lingdou,岭兜,liushê (Yangfang six shê ritual alliance),A143,杨芳六社,Northern
V651,Duoqian,哆前,Duotou shiwu shê (Duotou fifteen shê ritual alliance),A144,哆头十五社,Northern
V652,Duozhong,哆中,Duotou shiwu shê (Duotou fifteen shê ritual alliance),A144,哆头十五社,Northern
V653,Duohou,哆后,Duotou shiwu shê (Duotou fifteen shê ritual alliance),A144,哆头十五社,Northern
V654,Fengxiu,凤秀,Gaomei wucun (Gaomei five village ritual alliance),A145,高美五村,Northern
V655,Bancheng,半埕,Gaomei wucun (Gaomei five village ritual alliance),A145,高美五村,Northern
V656,Shangfang,上方,Gaomei wucun (Gaomei five village ritual alliance),A145,高美五村,Northern
V657,Shanggang,上港,Gaomei wucun (Gaomei five village ritual alliance),A145,高美五村,Northern
V658,Meiwei,美尾,Gaomei wucun (Gaomei five village ritual alliance),A145,高美五村,Northern
V659,Xinpu,新浦),Xinpu sishê (Xinpu four shê ritual alliance),A146,新埔四社,Northern
V660,Xiaoyi,孝义,Jiangkou qijing (Jiangkou sevenfold ritual,A147,alliance),Jiuliyang
V661,Xiahoudu,下后度,Jiangkou qijing (Jiangkou sevenfold ritual,A147,alliance),Jiuliyang
V662,Liujing,刘井,Jiangkou qijing (Jiangkou sevenfold ritual,A147,alliance),Jiuliyang
V663,Qianhui,前会,Jiangkou qijing (Jiangkou sevenfold ritual,A147,alliance),Jiuliyang
V664,Duweitou,度围头,Jiangkou qijing (Jiangkou sevenfold ritual,A147,alliance),Jiuliyang
V665,Gangxia,港下,Jiangkou qijing (Jiangkou sevenfold ritual,A147,alliance),Jiuliyang
V666,Houdun,后墩,Jiangkou qijing (Jiangkou sevenfold ritual,A147,alliance),Jiuliyang
V667,Xinjing,新井,Jiangkou qijing (Jiangkou sevenfold ritual,A147,alliance),Jiuliyang
V668,Qianwang,前王,Fushan qijing (Fushan sevenfold ritual alliance),A148,凫山七境,Jiuliyang
V669,Shihui,石灰,Fushan qijing (Fushan sevenfold ritual alliance),A148,凫山七境,Jiuliyang
V670,Shantou,山头,Fushan qijing (Fushan sevenfold ritual alliance),A148,凫山七境,Jiuliyang
V671,Youlan,油岚,Fushan qijing (Fushan sevenfold ritual alliance),A148,凫山七境,Jiuliyang
V672,Shishi,石狮,Fushan qijing (Fushan sevenfold ritual alliance),A148,凫山七境,Jiuliyang
V673,Goushang,沟上,Goushang qijing (Goushang sevenfold ritual alliance),A149,沟上七境,Jiuliyang
V674,Zheche,蔗车,Goushang qijing (Goushang sevenfold ritual alliance),A149,沟上七境,Jiuliyang
V675,Licuo,李厝,Goushang qijing (Goushang sevenfold ritual alliance),A149,沟上七境,Jiuliyang
V676,Xindian,新店,Goushang qijing (Goushang sevenfold ritual alliance),A149,沟上七境,Jiuliyang
V677,Xindun,新墩,Goushang qijing (Goushang sevenfold ritual alliance),A149,沟上七境,Jiuliyang
V678,Houchengpu,后埕埔,Goushang qijing (Goushang sevenfold ritual alliance),A149,沟上七境,Jiuliyang
V679,Qianmian,前面,Goushang qijing (Goushang sevenfold ritual alliance),A149,沟上七境,Jiuliyang
V680,Ding,dun,Goushang qijing (Goushang sevenfold ritual alliance),A149,沟上七境,Jiuliyang
V681,Xiadun,下墩,Goushang qijing (Goushang sevenfold ritual alliance),A149,沟上七境,Jiuliyang
V682,Wudun,吴墩,Goushang qijing (Goushang sevenfold ritual alliance),A149,沟上七境,Jiuliyang
V683,Youdun,游墩,Goushang qijing (Goushang sevenfold ritual alliance),A149,沟上七境,Jiuliyang
V684,Shanglin,上林,Shangfang qijing (Shangfang sevenfold ritual alliance),A150,上方七境,Jiuliyang
V685,Dongshi,东施,Shangfang qijing (Shangfang sevenfold ritual alliance),A150,上方七境,Jiuliyang
V686,Pucheng,埔埕,Shangfang qijing (Shangfang sevenfold ritual alliance),A150,上方七境,Jiuliyang
V687,Xiliu,西刘,Shangfang qijing (Shangfang sevenfold ritual alliance),A150,上方七境,Jiuliyang
V688,Dongcai,东蔡,Shangfang qijing (Shangfang sevenfold ritual alliance),A150,上方七境,Jiuliyang
V689,Jiexia,界下,Shangfang qijing (Shangfang sevenfold ritual alliance),A150,上方七境,Jiuliyang
V690,Houting,后亭,Shiting sijia (Shiting four jia ritual alliance),A151,石庭四甲,Jiuliyang
V691,Wudunyang,吴墩洋,Shiting sijia (Shiting four jia ritual alliance),A151,石庭四甲,Jiuliyang
V692,Dingjiucuo,顶旧厝,Shiting sijia (Shiting four jia ritual alliance),A151,石庭四甲,Jiuliyang
V693,Qigancuo,旗杆厝,Shiting sijia (Shiting four jia ritual alliance),A151,石庭四甲,Jiuliyang
V694,Xiaojiaowei,小郊尾,Shiting sijia (Shiting four jia ritual alliance),A151,石庭四甲,Jiuliyang
V695,Tiezao,铁灶,Shiting sijia (Shiting four jia ritual alliance),A151,石庭四甲,Jiuliyang
V696,Tianzhongyang,田中央,Shiting sijia (Shiting four jia ritual alliance),A151,石庭四甲,Jiuliyang
V697,Sanzhangcuo,三张厝,Shiting sijia (Shiting four jia ritual alliance),A151,石庭四甲,Jiuliyang
V698,Zhaili,寨里,Shiting sijia (Shiting four jia ritual alliance),A151,石庭四甲,Jiuliyang
V699,Zhongyangcuo,中央厝,Shiting sijia (Shiting four jia ritual alliance),A151,石庭四甲,Jiuliyang
V700,Qiaotouwai,桥头外,Shiting sijia (Shiting four jia ritual alliance),A151,石庭四甲,Jiuliyang
V701,Yuanyangcuo,鸳鸯厝,Shiting sijia (Shiting four jia ritual alliance),A151,石庭四甲,Jiuliyang
V702,Dingxipo,顶西坡,Shiting sijia (Shiting four jia ritual alliance),A151,石庭四甲,Jiuliyang
V703,Xiaxipo,下西坡,Shiting sijia (Shiting four jia ritual alliance),A151,石庭四甲,Jiuliyang
V704,Bangui,半圭,Shiting sijia (Shiting four jia ritual alliance),A151,石庭四甲,Jiuliyang
V705,Houcheng,后埕,Shiting sijia (Shiting four jia ritual alliance),A151,石庭四甲,Jiuliyang
V706,Xiaxiao,下肖,Fengmei qijing (Fengmei sevenfold ritual alliance),A152,丰美七境,Jiuliyang
V707,Xiabangwei,下邦尾,Fengmei qijing (Fengmei sevenfold ritual alliance),A152,丰美七境,Jiuliyang
V708,Dingbangwei,顶邦尾,Fengmei qijing (Fengmei sevenfold ritual alliance),A152,丰美七境,Jiuliyang
V709,Jingtou,井头,Fengmei qijing (Fengmei sevenfold ritual alliance),A152,丰美七境,Jiuliyang
V710,Dongtian,东田,Fengmei qijing (Fengmei sevenfold ritual alliance),A152,丰美七境,Jiuliyang
V711,Zhongzhai,中宅,Fengmei qijing (Fengmei sevenfold ritual alliance),A152,丰美七境,Jiuliyang
V712,Houfang,后坊,Banliang shisanxiang (Banliang thirteen village ritual alliance),A153,阪梁十三乡,Jiuliyang
V713,Houdong,后董,Banliang shisanxiang (Banliang thirteen village ritual alliance),A153,阪梁十三乡,Jiuliyang
V714,Shangcai,上蔡,Banliang shisanxiang (Banliang thirteen village ritual alliance),A153,阪梁十三乡,Jiuliyang
V715,Banxi,坂溪,Banliang shisanxiang (Banliang thirteen village ritual alliance),A153,阪梁十三乡,Jiuliyang
V716,Liangcuo,梁厝,Banliang shisanxiang (Banliang thirteen village ritual alliance),A153,阪梁十三乡,Jiuliyang
V717,Linban,林坂,Banliang shisanxiang (Banliang thirteen village ritual alliance),A153,阪梁十三乡,Jiuliyang
V718,Shandou,山兜,Banliang shisanxiang (Banliang thirteen village ritual alliance),A153,阪梁十三乡,Jiuliyang
V719,Ketang,可塘,Banliang shisanxiang (Banliang thirteen village ritual alliance),A153,阪梁十三乡,Jiuliyang
V720,Shangliuzhuang,上刘庄,Banliang shisanxiang (Banliang thirteen village ritual alliance),A153,阪梁十三乡,Jiuliyang
V721,Xialiuzhuang,下刘庄,Banliang shisanxiang (Banliang thirteen village ritual alliance),A153,阪梁十三乡,Jiuliyang
V722,Xihu,西湖,Banliang shisanxiang (Banliang thirteen village ritual alliance),A153,阪梁十三乡,Jiuliyang
V723,Qinkeng,芹坑,Banliang shisanxiang (Banliang thirteen village ritual alliance),A153,阪梁十三乡,Jiuliyang
V724,Tangbian,塘边,Banliang shisanxiang (Banliang thirteen village ritual alliance),A153,阪梁十三乡,Jiuliyang
